eth_src,eth_dst,eth_type,ip_version,ip_ihl,ip_tos,ip_len,ip_id,ip_flags,ip_frag,ip_ttl,ip_proto,ip_chksum,ip_src,ip_dst,udp_sport,udp_dport,udp_len,udp_chksum,timestamp,length,summary,payload,payload_raw
88:e9:fe:6a:92:52,80:37:73:96:9b:db,2048,4,5,0,961,1,,0,64,17,21222,10.1.10.53,84.54.22.33,53,53,941,62990,1532199330.917674,975,Ether / IP / UDP / DNS Qry b'google.com.' / Raw,905,efbfbd504e470d0a1a0a0000000d4948445200000162000000efbfbd080600000028efbfbd545200003aefbfbd4944415478efbfbdefbfbd097c54efbfbdefbfbdefbfbdefbfbdefbfbd3b4b12083b08efbfbd0a45efbfbdefbfbd2419efbfbdefbfbd5a69dfaa2defbfbd3b4e32efbfbdefbfbd56efbfbd56efbfbd61efbfbd5a1121efbfbdefbfbd01dcbb696b5befbfbd2e6f6befbfbd65efbfbd015cefbfbdefbfbd5defbfbd2defbfbdefbfbdefbfbd64efbfbd08efbfbd08efbfbdefbfbd67efbfbdefbfbdefbfbd3cefbfbdefbfbd4c12efbfbd24337766efbfbdefbfbd023c5f0defbfbd59efbfbd72efbfbdefbfbd79efbfbdefbfbdefbfbd1c0d18efbfbd3863efbfbd65770d1eefbfbdefbfbdefbfbdefbfbd13efbfbd69614befbfbdefbfbdefbfbdefbfbd757dc5b277efbfbd64efbfbdefbfbd15efbfbd2260063a13efbfbd0befbfbd0c16efbfbd12efbfbd26efbfbd39c690efbfbd00efbfbdefbfbdefbfbd081131d28c5148502aefbfbd40044f34efbfbdefbfbdefbfbd373c79efbfbd0e2e39efbfbdefbfbdefbfbd61324061efbfbdefbfbd2622efbfbd1311efbfbd63efbfbd6b4fefbfbd7340efbfbd39efbfbd69efbfbd3458efbfbd78efbfbd4befbfbd612166efbfbdefbfbd3077efbfbdefbfbd3364781d22efbfbdefbfbdefbfbd4328efbfbd7defbfbd307c71efbfbd2aefbfbdefbfbd0befbfbd612166efbfbd34efbfbdefbfbd2eefbfbd734b6710115d3d394ed48206efbfbdefbfbd75efbfbdefbfbdefbfbd4b5fefbfbd65062aefbfbdefbfbdefbfbd195078efbfbdefbfbd25efbfbdefbfbd03efbfbd33efbfbdefbfbd1e22453f0fefbfbdefbfbdefbfbd2b48efbfbd5d51efbfbd6befbfbdefbfbdefbfbdefbfbd38efbfbd22efbfbd1d113476efbfbd3210efbfbdefbfbdefbfbde592afccb87cefbfbd782e5cefbfbd2d62efbfbd49efbfbd42efbfbdefbfbdefbfbd40efbfbd4cefbfbdefbfbd434a5d585751efbfbdefbfbdefbfbdefbfbd7551efbfbd6b51137fefbfbd4eefbfbd3100efbfbdefbfbdefbfbd3217efbfbd303310efbfbd5c04efbfbd4021efbfbd48efbfbd424a7147272befbfbd52efbfbd555c5befbfbdefbfbdefbfbdefbfbd4758433befbfbdefbfbdd48eefbfbd71efbfbd2104efbfbd72efbfbd733defbfbd0272d4b40befbfbdefbfbdefbfbd5f53efbfbd25efbfbd7068efbfbd6112590502efbfbdefbfbdefbfbdefbfbd63efbfbdefbfbdefbfbd50efbfbd39efbfbd
80:37:73:96:9b:db,88:e9:fe:6a:92:52,2048,4,5,32,84,58919,,0,122,17,13836,84.54.22.33,10.1.10.53,53,53,64,65061,1532199330.950107,98,Ether / IP / UDP / DNS Ans 2607:f8b0:4005:807::200e,0,
88:e9:fe:6a:92:52,80:37:73:96:9b:db,2048,4,5,0,975,1,,0,64,17,21208,10.1.10.53,84.54.22.33,53,53,955,36378,1532199331.937777,989,Ether / IP / UDP / DNS Qry b'google.com.' / Raw,919,3aefbfbd6c653ac7a9efbfbdefbfbdefbfbd0cefbfbdefbfbdefbfbd3a7c11efbfbd58efbfbdefbfbd712e65efbfbdefbfbdefbfbd611230efbfbd4a7d340a3924767aefbfbd52efbfbd754f2fefbfbdefbfbd3bc7ab5defbfbdefbfbd4d22efbfbd7254d3a3483169efbfbdefbfbdcba5cdb010334c3c6befbfbd015f07521d2cefbfbdefbfbd46efbfbdefbfbde498a1305d1eefbfbdefbfbdefbfbd1e5359efbfbdefbfbd0b0f7169332cefbfbd0c130744efbfbdefbfbdefbfbd0befbfbdefbfbd19637b4fefbfbdefbfbd6eefbfbd514befbfbd0aefbfbd5aefbfbd007029efbfbd3633efbfbdefbfbd5c13272defbfbdefbfbd550c7912efbfbd631135efbfbd56efbfbd00efbfbdeaafab21efbfbd291defbfbdefbfbd107defbfbdefbfbdefbfbd2a051552efbfbdefbfbd47efbfbd58efbfbdefbfbdefbfbd59efbfbd532eefbfbd6b7076efbfbdefbfbd08481e38efbfbd107aefbfbdefbfbd7fefbfbd6defbfbd61213e09efbfbd2fefbfbd2fefbfbd02efbfbd461402efbfbd400042efbfbdefbfbd5eefbfbdefbfbdefbfbd79efbfbdefbfbd101d2eefbfbdefbfbdefbfbd311d06d895114b1befbfbdefbfbdefbfbdefbfbd62efbfbdefbfbdefbfbd3befbfbdefbfbd08efbfbdefbfbd3d4eefbfbdefbfbd203727276b1f02efbfbdefbfbd750c19efbfbd02efbfbd4fefbfbdefbfbdefbfbd61efbfbd5c16641662efbfbd2461efbfbd15efbfbd4664efbfbdefbfbdefbfbd16efbfbd335aefbfbdefbfbd1e132821c4b9efbfbdefbfbdefbfbd576a03efbfbd5f533d5eefbfbd573fefbfbd25efbfbdefbfbd00efbfbd52efbfbdefbfbd4b2010efbfbdefbfbd7b6d563814423cefbfbdefbfbdefbfbd2c783d2316efbfbd69efbfbd25644cefbfbdefbfbdefbfbdefbfbd08efbfbdefbfbd3d6befbfbdefbfbd5defbfbdefbfbdefbfbdc696efbfbdefbfbd0d4fefbfbdefbfbd49efbfbdefbfbdefbfbd1d32efbfbd35681defbfbddaae25ea808cefbfbd1defbfbdefbfbdefbfbd29efbfbd5f0f5618efbfbd722b3d39efbfbd18efbfbd4944efbfbdefbfbdefbfbd3a024cefbfbd63efbfbdefbfbd0eefbfbdefbfbd52efbfbd371d63efbfbd2defbfbd5d44efbfbd5d087177efbfbdefbfbdefbfbd70efbfbd647defbfbd4d282323efbfbddabf7bcba24cefbfbd73efbfbd27efbfbd32011c155e4befbfbd3b7b72efbfbd513277efbfbd10703b0aefbfbd5eefbfbdefbfbdefbfbd7e7aefbfbdefbfbd50762eefbfbdefbfbdefbfbd00057eefbfbdefbfbd
80:37:73:96:9b:db,88:e9:fe:6a:92:52,2048,4,5,32,84,59493,,0,122,17,13262,84.54.22.33,10.1.10.53,53,53,64,65063,1532199331.956635,98,Ether / IP / UDP / DNS Ans 2607:f8b0:4005:807::200e,0,
88:e9:fe:6a:92:52,80:37:73:96:9b:db,2048,4,5,0,1012,1,,0,64,17,21171,10.1.10.53,84.54.22.33,53,53,992,63846,1532199332.960504,1026,Ether / IP / UDP / DNS Qry b'google.com.' / Raw,956,efbfbdefbfbd5e6eefbfbd2727efbfbdefbfbdefbfbd24efbfbdefbfbdefbfbdefbfbdefbfbd52efbfbdefbfbdefbfbd17efbfbd3e45706f75efbfbdefbfbd24efbfbdefbfbd4defbfbdefbfbd1cefbfbdefbfbd0eefbfbd74420defbfbdd4ba67efbfbd6defbfbdefbfbd3e3877e884aaefbfbdefbfbd35efbfbdefbfbdefbfbd3cefbfbd3eefbfbd19efbfbdefbfbd6c0e3c70efbfbdefbfbdc798efbfbdefbfbdefbfbd7738efbfbdefbfbd40d4aeefbfbd6059efbfbdefbfbd15efbfbd6f52efbfbd48efbfbdefbfbd6844efbfbd28efbfbd3befbfbd382a7e6f146059efbfbd6defbfbd15efbfbd3fefbfbd16cba109efbfbd04444aefbfbd315044efbfbd14334fefbfbd16555518efbfbd77efbfbd782e0543efbfbdefbfbd48efbfbd74efbfbdefbfbd1a373defbfbde8a18811efbfbd1befbfbd5f1f303665efbfbd301defbfbd5f50341372efbfbd392c36efbfbd180d63efbfbd06efbfbd45efbfbd3cefbfbd53c2a1efbfbdefbfbd08c38f1e4e592404efbfbd080058efbfbd3934efbfbdefbfbd70d6b0efbfbdefbfbdefbfbdefbfbd15172bc2a6efbfbdefbfbdefbfbd30efbfbd530c55efbfbd6aefbfbd7b417fefbfbd08227aefbfbd43efbfbd0250efbfbd7b17efbfbdefbfbd65efbfbd163173efbfbdefbfbd02efbfbdefbfbdefbfbdefbfbdefbfbdefbfbd60efbfbdefbfbdefbfbd07c2b54defbfbd70efbfbdefbfbd61efbfbd53efbfbdefbfbd3befbfbd200410dab069efbfbd070321697c53c8bc28efbfbdefbfbdefbfbdefbfbd1eefbfbdefbfbd680218793e005470efbfbd6521664e2825efbfbdefbfbd1d7fefbfbd7477efbfbdefbfbdefbfbd72ce98efbfbdefbfbd47efbfbdefbfbdefbfbd49efbfbdefbfbd35efbfbdefbfbd25efbfbdefbfbdefbfbdefbfbd4e003867efbfbd19604dd6b7efbfbd267c2befbfbdefbfbd22efbfbdefbfbdefbfbdefbfbdefbfbdefbfbd39efbfbd7203d1b1092728efbfbdefbfbd71efbfbd103327efbfbd0e13efbfbd40792cefbfbdefbfbd7b52efbfbd06efbfbd00efbfbd0144efbfbdefbfbdefbfbd314a09efbfbdefbfbd1fefbfbd3b347cefbfbdefbfbdefbfbd0f7eefbfbd034ed9baefbfbd68efbfbdefbfbdeb90ae5cefbfbd16efbfbd70efbfbdefbfbdefbfbd3befbfbd49efbfbd5defbfbd00e880b853efbfbdefbfbd78efbfbd6a3b3f220e197e0aefbfbdc5b3efbfbd181662e684a7504cefbfbdefbfbd40efbfbd1aefbfbd1d41efbfbdefbfbd42efbfbdefbfbd36efbfbd12efbfbd1f7068efbfbdefbfbd16efbfbdefbfbdefbfbdefbfbd73efbfbd504176efbfbdefbfbd4fefbfbd
80:37:73:96:9b:db,88:e9:fe:6a:92:52,2048,4,5,32,84,59660,,0,122,17,13095,84.54.22.33,10.1.10.53,53,53,64,65064,1532199332.971509,98,Ether / IP / UDP / DNS Ans 2607:f8b0:4005:807::200e,0,
88:e9:fe:6a:92:52,80:37:73:96:9b:db,2048,4,5,0,998,1,,0,64,17,21185,10.1.10.53,84.54.22.33,53,53,978,65315,1532199333.982248,1012,Ether / IP / UDP / DNS Qry b'google.com.' / Raw,942,e48e91426a5fefbfbd610defbfbdefbfbdefbfbd04efbfbdefbfbd10444aefbfbdefbfbd14efbfbd12efbfbdefbfbd42efbfbd051d420d26efbfbd40efbfbdd69e09efbfbd44efbfbd6f01efbfbd6763efbfbd72efbfbdefbfbd31efbfbd1220efbfbd0a41041aefbfbd61efbfbd3446efbfbd47efbfbdefbfbdefbfbdefbfbdefbfbd1033efbfbdefbfbdefbfbd4befbfbdefbfbdefbfbd261c5defbfbd10efbfbdefbfbd0c3703445defbfbd2eefbfbdefbfbd0cefbfbd01747828efbfbd60efbfbdefbfbdefbfbdefbfbd595defbfbdefbfbdefbfbd2d6befbfbd712d027510efbfbd60404f77efbfbdefbfbd1f0befbfbd2d3e573a1defbfbdefbfbde8aa9879efbfbdefbfbdefbfbdefbfbd56efbfbdefbfbd71efbfbd6609efbfbdefbfbdefbfbd3eefbfbdefbfbd0e7cefbfbd5b03c3a109efbfbd5f683eefbfbdefbfbd40efbfbd2a0aefbfbd57efbfbd755aefbfbdefbfbdefbfbdefbfbdc9bcefbfbdefbfbdd5b8efbfbd3fefbfbd7aefbfbdefbfbdefbfbd08efbfbd21efbfbd3529687aefbfbdefbfbd4e2defbfbd67efbfbd40efbfbdefbfbd36efbfbd2d3b6aefbfbd35306c1133efbfbdc2a6efbfbd1f6defbfbdefbfbdefbfbdefbfbd10efbfbd2eefbfbd52efbfbd74efbfbd7cefbfbd5fefbfbdefbfbd0876efbfbd58efbfbd0444133aefbfbd18efbfbd6aefbfbdcfb4efbfbdefbfbdefbfbd1478101072efbfbd5a2642efbfbd5eefbfbd2befbfbdefbfbd2924311eefbfbd1815efbfbdefbfbdefbfbd50efbfbd65efbfbd7f3910efbfbd22332cefbfbdefbfbd49efbfbdefbfbd10efbfbd38efbfbd45efbfbd231cdba413283a536e1c22efbfbdefbfbd51efbfbdefbfbd663e42efbfbd23efbfbdefbfbdefbfbdefbfbdefbfbd57efbfbd0813efbfbd6a51efbfbdefbfbd5b01c3a109efbfbd5f796fefbfbdefbfbd39efbfbdefbfbdefbfbd6d226c44efbfbd29efbfbd2eefbfbd0f18efbfbdefbfbd15302cefbfbd4cefbfbd53efbfbdefbfbdefbfbdcda64973efbfbdefbfbd3c3944efbfbdefbfbd21081556efbfbd2c7fefbfbd6befbfbdefbfbd141cefbfbd607a4cefbfbd1261efbfbd2cef92af48216f41efbfbd5301685027efbfbd7e4cefbfbd42efbfbd01efbfbdefbfbdefbfbdefbfbdefbfbdefbfbdefbfbd6befbfbd23efbfbd1956efbfbd585defbfbdefbfbd12efbfbd38efbfbd42efbfbd0c60415e1611efbfbd791b3cefbfbdefbfbd771061efbfbd40efbfbd0705efbfbd54efbfbd0aefbfbd5aefbfbd4defbfbd2fefbfbdefbfbd04efbfbd300c0b31efbfbd300c0b31efbfbd300cd38f70
80:37:73:96:9b:db,88:e9:fe:6a:92:52,2048,4,5,32,84,60495,,0,122,17,12260,84.54.22.33,10.1.10.53,53,53,64,65065,1532199333.993114,98,Ether / IP / UDP / DNS Ans 2607:f8b0:4005:807::200e,0,
88:e9:fe:6a:92:52,80:37:73:96:9b:db,2048,4,5,0,1003,1,,0,64,17,21180,10.1.10.53,84.54.22.33,53,53,983,38088,1532199335.003376,1017,Ether / IP / UDP / DNS Qry b'google.com.' / Raw,947,efbfbdefbfbdefbfbdcbb4efbfbd16efbfbdefbfbd726aefbfbd4742574fefbfbdefbfbd18dda269efbfbdefbfbd30efbfbd1801efbfbdefbfbdefbfbdefbfbdefbfbd136522331c590d0d50efbfbdefbfbdefbfbd5e6e510c0b31efbfbd16132f5c382427cbbdefbfbdefbfbdefbfbd21efbfbd3c7eefbfbd4b22efbfbd6400efbfbdefbfbd19efbfbdefbfbdefbfbdefbfbd62efbfbdefbfbdefbfbdefbfbd091befbfbd36efbfbd70efbfbd6212efbfbdefbfbd09efbfbd0b43efbfbdefbfbd174545efbfbdc98051efbfbd20efbfbd0d4f7241302cefbfbd4c5a28125befbfbd1432efbfbd762e02efbfbdefbfbdefbfbd49efbfbdefbfbdefbfbd2b227aefbfbd4b2203efbfbdefbfbdefbfbdefbfbdefbfbd15efbfbdefbfbd7149307670efbfbdefbfbdefbfbdefbfbd5007efbfbdc6a419efbfbdefbfbd33efbfbdefbfbdefbfbd0601efbfbdefbfbdefbfbd3befbfbde896b01111efbfbdefbfbdefbfbd24efbfbd5fefbfbd126e53efbfbdefbfbdefbfbd28efbfbd0b34efbfbdefbfbd5c1358efbfbd313727efbfbdefbfbdefbfbdefbfbd36efbfbdefbfbd72efbfbd2e00d895efbfbd43efbfbd67efbfbd7e5cefbfbd0622efbfbdefbfbd757f2eefbfbdccb5efbfbdefbfbd251cefbfbd6018efbfbd61216618efbfbd39efbfbdefbfbdefbfbd04efbfbd59efbfbd5eefbfbd077932efbfbdefbfbdefbfbdefbfbdefbfbdcf80efbfbd0022cfab3b635fefbfbddabcefbfbdd6ae7defbfbd0400efbfbd0a6658efbfbdefbfbd014b61efbfbd7e134aefbfbd0e001408e190b16b38efbfbdefbfbd03efbfbd757cefbfbd2b46efbfbdefbfbd6c4defbfbdc5be46534e03efbfbd5965efbfbd44efbfbd2cefbfbdefbfbdefbfbdefbfbd27efbfbdefbfbdefbfbd35efbfbd64120e4d30efbfbd10efbfbdefbfbd0befbfbdefbfbd05020f024a52665478637fefbfbd59efbfbd03efbfbd04efbfbd0051efbfbd6b2705efbfbdefbfbdefbfbd085eefbfbd76efbfbdefbfbdefbfbd7cefbfbd6befbfbd61216606efbfbd08efbfbdefbfbd57efbfbdc4af43efbfbdefbfbd7529efbfbd1fefbfbd00efbfbdefbfbd6f7f04efbfbd295f3322122972391cefbfbd15efbfbdefbfbdefbfbdc7b5cfb01033efbfbdefbfbdefbfbdefbfbdefbfbd7eefbfbd786eefbfbd0c514defbfbd3c6fefbfbdefbfbdefbfbd102927efbfbdefbfbd23efbfbd5aefbfbd78efbfbdefbfbd2befbfbd19cbadefbfbdefbfbd041c2366efbfbd455eefbfbdd789522cefbfbdefbfbdefbfbd225a07efbfbdefbfbdefbfbdefbfbd1d163210efbfbd57efbfbd1047
80:37:73:96:9b:db,88:e9:fe:6a:92:52,2048,4,5,32,84,60889,,0,122,17,11866,84.54.22.33,10.1.10.53,53,53,64,65066,1532199335.028202,98,Ether / IP / UDP / DNS Ans 2607:f8b0:4005:807::200e,0,
88:e9:fe:6a:92:52,80:37:73:96:9b:db,2048,4,5,0,1045,1,,0,64,17,21138,10.1.10.53,84.54.22.33,53,53,1025,5707,1532199336.021501,1059,Ether / IP / UDP / DNS Qry b'google.com.' / Raw,989,77efbfbd20efbfbd0252efbfbd1900efbfbd5e7fefbfbdc3b4efbfbd16efbfbd01201cefbfbdefbfbdefbfbd14efbfbd375041efbfbdefbfbd75efbfbd0001efbfbd41efbfbd1b10302726efbfbd41efbfbd4eefbfbd5f00efbfbd6c6e0d0c0b31efbfbd2f38efbfbdefbfbd1d47efbfbdefbfbdefbfbdefbfbd1b5fefbfbdefbfbdefbfbd29efbfbdefbfbdefbfbdefbfbd4139efbfbdefbfbdefbfbdefbfbd04efbfbd34efbfbd6300efbfbdefbfbdefbfbdefbfbdefbfbdefbfbdd0be152befbfbd04efbfbd5cefbfbd377e17efbfbd7f04efbfbdefbfbd56efbfbdefbfbd6b406c4d0b1aefbfbdefbfbdefbfbdefbfbdcd9e3477d1a84defbfbddfb7efbfbd5b04c3a109efbfbdefbfbd5d7a495f22efbfbd0ed3b9efbfbd4defbfbd2defbfbd3eefbfbdefbfbd07efbfbd13d181efbfbdc790efbfbd4cefbfbdefbfbdefbfbdefbfbd7307efbfbd40017775efbfbdda89efbfbd127e3c10efbfbd08efbfbd4f1d061eefbfbd202befbfbdefbfbd1631efbfbd42efbfbdefbfbdefbfbd12efbfbdefbfbd3b3fefbfbd5befbfbdefbfbdefbfbdefbfbd62115cefbfbdefbfbd0552efbfbdefbfbdefbfbdefbfbd2fefbfbdefbfbd17efbfbdefbfbd35efbfbd63efbfbd2f5068efbfbdefbfbd044576efbfbd51265442efbfbd2d13efbfbdefbfbdefbfbdefbfbdefbfbdefbfbdefbfbd1033efbfbd0d3515efbfbd73efbfbd29efbfbd10e29c9957efbfbd13efbfbdefbfbd3a22efbfbd13283eefbfbd61efbfbd304335c992efbfbd1342efbfbd79784238efbfbd66191662efbfbd78efbfbd2cefbfbd7aefbfbdefbfbd51efbfbdefbfbdefbfbdefbfbdefbfbd66efbfbdefbfbdefbfbd64efbfbdefbfbd59efbfbd2eefbfbd10395fefbfbd0a34efbfbd57efbfbd7a181662e6a4a0efbfbdc2b8efbfbdefbfbdefbfbd6eefbfbdefbfbd3a1defbfbdefbfbdefbfbdefbfbd572c1ad19befbfbd1cdf91efbfbd6defbfbdefbfbd2f36efbfbdefbfbdefbfbddeac7aefbfbdefbfbdefbfbdefbfbd0c0b3173efbfbd58efbfbd26efbfbdefbfbd6263efbfbdefbfbd2aefbfbdefbfbd6cefbfbd73efbfbdefbfbd57efbfbdefbfbdefbfbd38697e51efbfbd75efbfbdefbfbd03765c78efbfbdefbfbdefbfbd57efbfbdefbfbdefbfbd72efbfbd30efbfbd094f5f63efbfbdefbfbd5aefbfbdefbfbd37efbfbd7d4befbfbdefbfbd50efbfbd1f62efbfbd18efbfbdefbfbdefbfbdefbfbdefbfbd677eefbfbd79efbfbd0a7defbfbd56efbfbd5703efbfbd40efbfbd37efbfbdefbfbd7aefbfbdefbfbdefbfbd33efbfbd6eefbfbd10723a29efbfbd211cefbfbdefbfbdefbfbdefbfbd07efbfbd5cefbfbd11efbfbdefbfbdefbfbd3929efbfbdefbfbd2f7b60
80:37:73:96:9b:db,88:e9:fe:6a:92:52,2048,4,5,32,84,61243,,0,122,17,11512,84.54.22.33,10.1.10.53,53,53,64,65067,1532199336.040822,98,Ether / IP / UDP / DNS Ans 2607:f8b0:4005:807::200e,0,
88:e9:fe:6a:92:52,80:37:73:96:9b:db,2048,4,5,0,1008,1,,0,64,17,21175,10.1.10.53,84.54.22.33,53,53,988,31270,1532199337.041202,1022,Ether / IP / UDP / DNS Qry b'google.com.' / Raw,952,5651efbfbdefbfbdefbfbdefbfbdefbfbdefbfbdefbfbd472d55efbfbd7cefbfbd70efbfbdefbfbd605e0befbfbdefbfbdefbfbd29efbfbd1a41efbfbd223aefbfbdefbfbdefbfbd01efbfbdefbfbdefbfbd4922efbfbdefbfbd2f06014305efbfbd701270efbfbd00efbfbd0500efbfbdd0814eefbfbd083051674b78d781efbfbd70efbfbd07efbfbdefbfbd7befbfbd6befbfbd6121664e5ecbb8efbfbdefbfbd4733efbfbd253b1cefbfbd7c22360950efbfbd60efbfbd2defbfbdefbfbd2d116603efbfbd4d32efbfbd116cefbfbd36d6a5213befbfbdefbfbd5aefbfbdefbfbdefbfbd7befbfbdefbfbd76efbfbd664740efbfbdefbfbdefbfbdefbfbdefbfbdefbfbd2fefbfbd5006222defbfbd1aefbfbdefbfbd311c2366efbfbd293f6a43efbfbdefbfbd3b2eefbfbd48efbfbdefbfbdefbfbdefbfbd3fefbfbdefbfbdefbfbdefbfbd29efbfbdefbfbd49e1ac89752fefbfbd3a25efbfbdefbfbdefbfbd2c754d70efbfbd311c02e98bb0190aefbfbd44efbfbd10efbfbd06d3a2efbfbdefbfbd35302cefbfbd4cefbfbd70685fefbfbd6fdaa7efbfbd45efbfbdefbfbd2cefbfbdefbfbd1e6befbfbd5fefbfbdefbfbd55efbfbd5f7aefbfbd695aefbfbd10efbfbdefbfbd5defbfbdefbfbdefbfbd74efbfbd00efbfbdefbfbdefbfbd43efbfbdefbfbdefbfbd5657efbfbdefbfbdefbfbdefbfbd71ea9fbeefbfbdefbfbd52664defbfbd3d2befbfbdefbfbd56efbfbdefbfbdefbfbd456e0d0c0b31efbfbd2f6c7ee18183efbfbd1defbfbd0cefbfbdefbfbdd98dcda15135efbfbdefbfbd4fefbfbdefbfbdefbfbd35efbfbdefbfbdefbfbd07efbfbdefbfbdefbfbdefbfbd2138efbfbd5474efbfbd227aefbfbd081aefbfbd175e5044efbfbdefbfbd08efbfbdefbfbd5245efbfbdefbfbdefbfbd0eefbfbdefbfbd336aefbfbd3476efbfbdefbfbd1aefbfbdefbfbdefbfbd05efbfbdefbfbdefbfbd0befbfbdefbfbd205861efbfbdefbfbdefbfbd6402efbfbd1133efbfbd67efbfbd61efbfbd01efbfbdefbfbdefbfbd61efbfbd561befbfbd00efbfbdefbfbd1f1873d19d3963efbfbdefbfbd470b2d797befbfbd0eefbfbdefbfbdefbfbd7f705b6fefbfbdefbfbdefbfbd0adea1efbfbd6121664e3276efbfbdefbfbdefbfbd5d001f7049301cefbfbd6018efbfbd6158efbfbd19efbfbd6158efbfbd19efbfbd61181662efbfbd61181662efbfbd6118efbfbdefbfbdefbfbd6118efbfbdefbfbdefbfbd6118efbfbd61216618efbfbd61216618efbfbd6158efbfbd19efbfbd6158efbfbd19efbfbd61181662efbfbd61181662efbfbd61
80:37:73:96:9b:db,88:e9:fe:6a:92:52,2048,4,5,32,84,62210,,0,122,17,10545,84.54.22.33,10.1.10.53,53,53,64,65068,1532199337.052999,98,Ether / IP / UDP / DNS Ans 2607:f8b0:4005:807::200e,0,
88:e9:fe:6a:92:52,80:37:73:96:9b:db,2048,4,5,0,979,1,,0,64,17,21204,10.1.10.53,84.54.22.33,53,53,959,11600,1532199338.058108,993,Ether / IP / UDP / DNS Qry b'google.com.' / Raw,923,18efbfbd4770efbfbdefbfbd13efbfbd1957efbfbdefbfbd7138efbfbd7240efbfbd4aefbfbdefbfbd533defbfbd24efbfbd51efbfbdefbfbd33efbfbdefbfbd33efbfbd7e1b2044027aefbfbdc5820befbfbd03c6914c1d75efbfbd55efbfbd44efbfbd4aefbfbd38efbfbd3fefbfbd09efbfbd3e69686cefbfbdefbfbdefbfbd671e4c69efbfbd7e025c5eefbfbd2befbfbd23efbfbddb872cefbfbd1eefbfbdefbfbd41efbfbd7befbfbdefbfbdefbfbdefbfbd30efbfbdefbfbdefbfbd0a21d097efbfbdefbfbd79efbfbd325773efbfbd6eefbfbd1cefbfbd1308efbfbdefbfbd7eefbfbdefbfbdefbfbd591a1eefbfbd3cefbfbd05efbfbd46efbfbdefbfbdefbfbdefbfbd3477efbfbdefbfbdefbfbdef93b2efbfbdefbfbdefbfbd08efbfbd0d1a3cefbfbd6348efbfbdefbfbd702602efbfbdefbfbdd08defbfbdefbfbd0befbfbdc5a5136b2aca97730fefbfbdefbfbd04330040efbfbd39efbfbd3aefbfbd6cefbfbd3848efbfbd10efbfbd69efbfbdefbfbd3e36201151efbfbdefbfbd023533230d5c0e1f1cefbfbd31efbfbdf19ea2b7efbfbd6aefbfbd63efbfbd3a2e5ecdadefbfbd2d6266efbfbd2831efbfbdefbfbd152b1c3e106fefbfbdcdb5efbfbd070e7a7cefbfbd41441cd29fefbfbd44efbfbd402aefbfbdefbfbdd3bcefbfbd7f173eefbfbdefbfbdefbfbdefbfbd0364037907efbfbd46efbfbd4a59efbfbd7865efbfbd75efbfbdefbfbd3c62efbfbdde8cefbfbdefbfbd34031ec88defbfbdefbfbdefbfbd19efbfbdefbfbdefbfbdefbfbd45707defbfbdefbfbd1a297c7e16385f44efbfbd51efbfbd60381eefbfbd450aefbfbd71efbfbd1872234cefbfbdefbfbdefbfbdefbfbd05422defbfbdefbfbdefbfbd0945efbfbd520befbfbdefbfbd3f4b766defbfbdefbfbd30efbfbdefbfbdefbfbd32efbfbd331e5fefbfbd4144efbfbd3d6679efbfbd2b553befbfbd706447d7ba5defbfbd5f0104efbfbdefbfbd791fefbfbd6a44efbfbdefbfbdefbfbdefbfbd130eefbfbdefbfbd6a572e5b3d202b73efbfbdefbfbdc5afefbfbdefbfbdefbfbd673e6e45efbfbdefbfbd6206efbfbdefbfbdefbfbdefbfbd28efbfbd1eefbfbd16313320231548efbfbdefbfbdefbfbd3cdeae3befbfbd03efbfbd3c63efbfbd0822efbfbd7a2d3c40efbfbdefbfbdefbfbd156168dd8c35efbfbd65dcb84f60efbfbd611d336044efbfbdefbfbd0a79efbfbd68532fefbfbdefbfbd2aefbfbdefbfbd192e68efbfbd2d62efbfbd17efbfbdefbfbd1325efbfbd541f
80:37:73:96:9b:db,88:e9:fe:6a:92:52,2048,4,5,32,84,62674,,0,122,17,10081,84.54.22.33,10.1.10.53,53,53,64,65069,1532199338.068566,98,Ether / IP / UDP / DNS Ans 2607:f8b0:4005:807::200e,0,
88:e9:fe:6a:92:52,80:37:73:96:9b:db,2048,4,5,0,959,1,,0,64,17,21224,10.1.10.53,84.54.22.33,53,53,939,7922,1532199339.078320,973,Ether / IP / UDP / DNS Qry b'google.com.' / Raw,903,efbfbdefbfbd1e00ce9a72efbfbd3ece996defbfbdefbfbdefbfbdefbfbd0d00efbfbd6eefbfbd0cefbfbd2145efbfbdefbfbd24efbfbd5b26efbfbd25330c0b31efbfbd096cefbfbd64efbfbdefbfbd1eefbfbd77efbfbdefbfbd19633b00efbfbd6cefbfbd61efbfbdefbfbd0aefbfbd20efbfbd591d013473efbfbdefbfbd387068efbfbdefbfbdefbfbd4e56efbfbd642eefbfbd1372efbfbd1defbfbdefbfbd37efbfbdefbfbdefbfbd4c58efbfbdefbfbd01efbfbd027825efbfbd7729efbfbdefbfbd4973efbfbd5c2eefbfbd13efbfbdefbfbd2b164d46efbfbd0edeabefbfbdefbfbd4b5c322cefbfbdefbfbd00efbfbdefbfbd7befbfbdefbfbdefbfbd2a0b060fefbfbd7f71c99c3848efbfbdefbfbdefbfbd14efbfbd18efbfbd0054efbfbdefbfbdefbfbdefbfbdefbfbd61216606087befbfbd3c76efbfbd14efbfbdd0a152113defbfbd45efbfbd122eefbfbdefbfbdc2a2efbfbddfa0efbfbd33102866efbfbdefbfbdefbfbd61efbfbdefbfbd612eefbfbd13075eefbfbd710230efbfbdefbfbd1d70efbfbdefbfbd50e7a5bc44efbfbdefbfbd47d69eefbfbdefbfbd1378efbfbd670c1c674cefbfbd441f396810efbfbd42efbfbd0b3a77d9bdefbfbdd5b0efbfbd6befbfbd035c4a2cefbfbdefbfbd0023dfa73f2401ee88b70cefbfbd22efbfbdefbfbd167a2e1cefbfbd7befbfbdefbfbd0636efbfbd2c6befbfbdefbfbdefbfbd4621640944efbfbd3c53efbfbdefbfbd34efbfbd754b4defbfbdefbfbdc7b9efbfbd58efbfbdefbfbd01efbfbdefbfbdefbfbd74354a7165c2aaefbfbdefbfbd1eefbfbd10efbfbdefbfbd0d1445297aefbfbdefbfbdc2b8efbfbd0befbfbdefbfbd437211efbfbd38efbfbd58efbfbdefbfbdefbfbdefbfbd7326440c644e10730269331129efbfbdefbfbdefbfbd15efbfbd5d5c1a6c1133efbfbd09efbfbdefbfbd4a0aefbfbd031f4514efbfbd71051fefbfbd5844cf86efbfbdefbfbdefbfbdefbfbd3fefbfbdefbfbd7d2e0d1662efbfbd3864efbfbd5525efbfbd391defbfbd21147076efbfbd0c19efbfbdefbfbdefbfbd07efbfbd37efbfbd1a43efbfbd2befbfbd6aefbfbd7e5defbfbdefbfbd3a2e13efbfbd6118efbfbdefbfbd65781e31efbfbd300c0b31efbfbd300c0b31efbfbd300cefbfbd42efbfbd300cefbfbd42efbfbd300cc3b010330cc3b010330cefbfbd302cefbfbd0cefbfbd302cefbfbd0cefbfbd300c0b31efbfbd300c0b31efbfbd300cefbfbd
80:37:73:96:9b:db,88:e9:fe:6a:92:52,2048,4,5,32,84,63672,,0,122,17,9083,84.54.22.33,10.1.10.53,53,53,64,65070,1532199339.139649,98,Ether / IP / UDP / DNS Ans 2607:f8b0:4005:807::200e,0,
88:e9:fe:6a:92:52,80:37:73:96:9b:db,2048,4,5,0,992,1,,0,64,17,21191,10.1.10.53,84.54.22.33,53,53,972,22145,1532199340.094091,1006,Ether / IP / UDP / DNS Qry b'google.com.' / Raw,936,42efbfbd300cefbfbd42efbfbd300cc3b010330cc3b010330cefbfbd302cefbfbd0cefbfbd302cefbfbd0cefbfbd300c0b31efbfbd300c0b31efbfbd300cefbfbd42efbfbd300cefbfbd42efbfbd300cc3b010330cc3b010330cefbfbd30efbfbdefbfbdefbfbdefbfbd477531cba7efbfbd1124efbfbd2cefbfbdefbfbd061423006810101c06efbfbd1620680401efbfbd5826d48326efbfbdefbfbdc6acefbfbd00efbfbdefbfbd75efbfbd1770efbfbdefbfbdefbfbd2214781b22efbfbd64efbfbd2500efbfbd0007efbfbd4020efbfbd1622efbfbd66596a7d4befbfbdefbfbdefbfbdefbfbdefbfbd3cefbfbdefbfbdefbfbd6befbfbdefbfbd33efbfbdefbfbd3353efbfbd1c5e44efbfbdefbfbdefbfbdefbfbd08efbfbdefbfbdefbfbd08482120efbfbdefbfbd14efbfbd6defbfbd0aefbfbd05efbfbdefbfbd71710d2c0aefbfbdefbfbd1f21efbfbdefbfbd047defbfbd79efbfbdefbfbd3eefbfbdefbfbd1f3dd4b3efbfbd78efbfbdefbfbd37efbfbd6f00efbfbdd49d6f1300363636efbfbdefbfbd641fefbfbdefbfbd2defbfbdefbfbdefbfbd1644efbfbd5d44042205444418efbfbd25efbfbdefbfbdefbfbdefbfbd45efbfbd17002840efbfbdefbfbdefbfbd0aefbfbd1950efbfbd0a28efbfbd7fd5b069efbfbdefbfbd26ce85efbfbdefbfbd37efbfbdefbfbdefbfbd44efbfbd3cefbfbdefbfbd395aefbfbdefbfbdefbfbd11500850efbfbdefbfbdefbfbdefbfbd5defbfbdefbfbd114befbfbdefbfbd582036efbfbd07efbfbd1077efbfbdcc93efbfbd5d7cefbfbd10efbfbd4221c582485b2665d9b6791432523f2d00efbfbd7008efbfbd5b6d6cefbfbd52efbfbdefbfbd41efbfbdefbfbdefbfbd43efbfbdefbfbdefbfbdd8b4efbfbdefbfbd57572c2defbfbdefbfbd5966efbfbdefbfbd3827ef8c9032efbfbdefbfbd3e04efbfbdefbfbdefbfbd09efbfbd38efbfbd58efbfbdefbfbd44781051efbfbd4a474412efbfbd4aefbfbd2454efbfbdefbfbd557eefbfbdefbfbd2cefbfbd3defbfbdefbfbd2c22efbfbd440a7e505d69efbfbd2fefbfbdefbfbd0c08efbfbdefbfbdefbfbd21efbfbdefbfbd02efbfbd0175efbfbdefbfbd22c68a52efbfbdc396efbfbd0a5befbfbdefbfbdc78cefbfbd7f30de9533efbfbdefbfbd44efbfbd18efbfbd2500efbfbd17efbfbd1b23efbfbd5befbfbd2defbfbdefbfbd6eefbfbd183116efbfbd2fefbfbd43efbfbdefbfbdefbfbd0030efbfbdefbfbd0272d48aefbfbdefbfbd37efbfbdefbfbd26efbfbdefbfbdefbfbd1e5022efbfbd64
80:37:73:96:9b:db,88:e9:fe:6a:92:52,2048,4,5,32,84,64011,,0,122,17,8744,84.54.22.33,10.1.10.53,53,53,64,65071,1532199340.110409,98,Ether / IP / UDP / DNS Ans 2607:f8b0:4005:807::200e,0,
88:e9:fe:6a:92:52,80:37:73:96:9b:db,2048,4,5,0,1051,1,,0,64,17,21132,10.1.10.53,84.54.22.33,53,53,1031,51210,1532199341.114699,1065,Ether / IP / UDP / DNS Qry b'google.com.' / Raw,995,efbfbdefbfbdefbfbd3c3e7defbfbdefbfbdefbfbd25efbfbdefbfbd52efbfbd4108efbfbdefbfbd74efbfbdefbfbdefbfbd5c074063efbfbd2defbfbd47efbfbd39efbfbd7539efbfbdefbfbdefbfbd45257771efbfbdefbfbd0f0eefbfbdefbfbd6fefbfbdefbfbd63efbfbd2eefbfbd38efbfbdefbfbdefbfbd67efbfbdefbfbdefbfbd0a21efbfbdefbfbd2eefbfbd7cefbfbdefbfbdefbfbd04efbfbd70efbfbd263aefbfbd623d160f1463efbfbdefbfbd64efbfbd3cefbfbdefbfbd57efbfbd081be5968e4d1eefbfbdefbfbd52de97efbfbdefbfbd5c32e9a08b42efbfbdefbfbdefbfbdefbfbdefbfbd5e222b236d3e720c521608291f282cefbfbdefbfbd1d3907efbfbd731fefbfbd0defbfbdefbfbd52efbfbd27187eefbfbdefbfbd07efbfbdefbfbd5e283aefbfbdd1a5efbfbd51efbfbd19efbfbd763a22efbfbdefbfbd67efbfbdefbfbdefbfbd745822efbfbd595a47efbfbdefbfbdefbfbdefbfbd70c7a4efbfbd0b72efbfbd2befbfbd46efbfbdefbfbd6a05e2b9bd67efbfbdefbfbd1c4f31efbfbdefbfbd25dd87de8defbfbdefbfbd224c49efbfbdefbfbd24efbfbd07efbfbd25efbfbd2e625d3321efbfbd45efbfbd6b2a1d06efbfbd3d04efbfbd4040efbfbd14efbfbdefbfbd7defbfbd35efbfbd60efbfbdefbfbdefbfbdefbfbdefbfbd29efbfbdefbfbdc99c6411efbfbdefbfbd143dd5ab1632efbfbd63c8b0efbfbd076715efbfbdefbfbdefbfbd4b2611efbfbd62efbfbdefbfbd02efbfbdefbfbdefbfbdefbfbd3c403311efbfbd54443befbfbdefbfbd2575efbfbd4cefbfbd2e2c2e7defbfbd4befbfbdefbfbd5c7defbfbdefbfbd6d31efbfbdefbfbd456aefbfbdefbfbd15efbfbd5defbfbdefbfbdefbfbdefbfbdefbfbdefbfbdefbfbd0dcda1efbfbd4cefbfbd3adfb4efbfbd62efbfbdefbfbd3befbfbdefbfbd31efbfbd76efbfbd10efbfbd5652efbfbdefbfbd226b71efbfbdefbfbdefbfbd03efbfbdc7a73703efbfbdefbfbdefbfbd35efbfbd3029efbfbdefbfbdefbfbdefbfbd1a7eefbfbdefbfbd1f0f37c4be3376efbfbdefbfbdefbfbd43efbfbd1c7d6aefbfbd26efbfbd42efbfbd79efbfbd2f0042417fefbfbdefbfbd24efbfbdefbfbdefbfbd10586a5349efbfbdefbfbdefbfbdefbfbd53efbfbd5c74efbfbd7befbfbd50efbfbd6902efbfbde78480efbfbd42efbfbdefbfbdefbfbdefbfbdcfb1efbfbd1e51efbfbd7eefbfbd71efbfbdefbfbdefbfbd0307efbfbd6bc6b1efbfbdefbfbd4b2fefbfbd34efbfbd29522a15efbfbd63efbfbdefbfbdefbfbdefbfbdefbfbdefbfbdefbfbd55efbfbdefbfbdd28708efbfbd22efbfbdefbfbd14efbfbd18efbfbdefbfbdefbfbd7e16efbfbdefbfbd4333efbfbd
80:37:73:96:9b:db,88:e9:fe:6a:92:52,2048,4,5,32,84,64328,,0,122,17,8427,84.54.22.33,10.1.10.53,53,53,64,65072,1532199341.156524,98,Ether / IP / UDP / DNS Ans 2607:f8b0:4005:807::200e,0,
88:e9:fe:6a:92:52,80:37:73:96:9b:db,2048,4,5,0,65,52414,,0,64,17,802,10.1.10.53,75.75.75.75,15812,53,45,59,1532199341.961205,79,Ether / IP / UDP / DNS Qry b'clients4.google.com.',0,
88:e9:fe:6a:92:52,80:37:73:96:9b:db,2048,4,5,0,65,59922,,0,64,17,58829,10.1.10.53,75.75.75.75,23903,53,45,20312,1532199341.962131,79,Ether / IP / UDP / DNS Qry b'clients4.google.com.',0,
80:37:73:96:9b:db,88:e9:fe:6a:92:52,2048,4,5,64,105,0,DF,0,58,17,38264,75.75.75.75,10.1.10.53,53,15812,85,2365,1532199341.975210,119,Ether / IP / UDP / DNS Ans b'clients.l.google.com.',0,
80:37:73:96:9b:db,88:e9:fe:6a:92:52,2048,4,5,64,117,0,DF,0,58,17,38252,75.75.75.75,10.1.10.53,53,23903,97,19286,1532199341.975929,131,Ether / IP / UDP / DNS Ans b'clients.l.google.com.',0,
88:e9:fe:6a:92:52,80:37:73:96:9b:db,2048,4,5,0,1006,1,,0,64,17,21177,10.1.10.53,84.54.22.33,53,53,986,31189,1532199342.132537,1020,Ether / IP / UDP / DNS Qry b'google.com.' / Raw,950,7eefbfbdefbfbdefbfbd20efbfbd33efbfbdefbfbd2befbfbd1eefbfbdefbfbd28efbfbd3573efbfbdefbfbdefbfbd22efbfbd44efbfbd4d73626d60efbfbd07efbfbdefbfbd45efbfbd76cc98efbfbdefbfbd5c44efbfbd154845efbfbdefbfbdefbfbd6f4c4defbfbdefbfbdefbfbdefbfbdefbfbd37efbfbd580befbfbd4defbfbdefbfbdefbfbd7343efbfbdefbfbd3a48efbfbdefbfbd59efbfbd1aefbfbd5702efbfbdefbfbd62efbfbd2843efbfbd7c76efbfbd031a76016cefbfbdd69fefbfbdefbfbdefbfbd3aefbfbd127d644e0e19efbfbd78efbfbdefbfbdefbfbd73efbfbdefbfbd314a523444efbfbdefbfbd4eefbfbd70efbfbdefbfbdefbfbd2fefbfbd18c792efbfbdd59d42efbfbd6a65596437efbfbd11efbfbd494aefbfbdefbfbd3a09703b5515efbfbd1f00efbfbdefbfbdefbfbdefbfbd1b01efbfbd76c78aefbfbdefbfbd33efbfbdefbfbdefbfbd41efbfbd715c03efbfbd47efbfbd15efbfbd26efbfbd40673a0f5c51efbfbd6f02efbfbdefbfbd7d75efbfbd045d07efbfbd68684273685f4b666159efbfbd3537efbfbdefbfbd6c7aefbfbdefbfbd43efbfbdefbfbdefbfbd25efbfbd183169efbfbd291a37efbfbdefbfbdefbfbdefbfbdefbfbddeaa0aefbfbd2defbfbd0fefbfbd21efbfbdefbfbd646eefbfbd40d486efbfbd74efbfbdefbfbd4befbfbd231aefbfbd5b236defbfbdd6bb4004efbfbd2554efbfbd48efbfbd3befbfbdefbfbdefbfbd7f4f04efbfbd4d561f0838efbfbdefbfbd5befbfbd6defbfbdefbfbd5e0c4befbfbdefbfbd37efbfbd1361223a622370efbfbdefbfbdefbfbddc9cddafefbfbd1defbfbdefbfbdefbfbdefbfbd49efbfbdefbfbdefbfbdcea67412efbfbd29d181efbfbdefbfbdc3877073efbfbd19efbfbd7fefbfbdc9beefbfbd0a631029efbfbd69efbfbd0a46794eefbfbdefbfbdefbfbd022eefbfbd56665f7273efbfbd43efbfbd1e4a62efbfbdefbfbd32efbfbdefbfbd6befbfbdefbfbd775defbfbdc7adefbfbd30efbfbdefbfbdefbfbdefbfbd2f697d487cefbfbd6befbfbd171d4a21efbfbd57efbfbd16efbfbdefbfbdefbfbdefbfbdcdb8efbfbdefbfbdefbfbd53efbfbdefbfbdefbfbd420c08efbfbd25efbfbd5c5aefbfbd6d7545efbfbdefbfbd11efbfbd2e5e1317426321efbfbd10efbfbd0aefbfbd7645efbfbd4c3247484ac7b35c5a6defbfbd31efbfbd3f25755befbfbdefbfbdefbfbd2aefbfbd1f48efbfbdefbfbd5515efbfbdefbfbd1051efbfbdefbfbd652cefbfbdefbfbd5eefbfbd6832efbfbd44efbfbdefbfbd2defbfbd36c699efbfbdefbfbd
80:37:73:96:9b:db,88:e9:fe:6a:92:52,2048,4,5,32,84,65497,,0,122,17,7258,84.54.22.33,10.1.10.53,53,53,64,65073,1532199342.144200,98,Ether / IP / UDP / DNS Ans 2607:f8b0:4005:807::200e,0,
88:e9:fe:6a:92:52,80:37:73:96:9b:db,2048,4,5,0,986,1,,0,64,17,21197,10.1.10.53,84.54.22.33,53,53,966,16099,1532199343.153571,1000,Ether / IP / UDP / DNS Qry b'google.com.' / Raw,930,efbfbdefbfbdefbfbdefbfbd70efbfbd512165efbfbd1e12efbfbd255cd8af5e5adb9520efbfbd3d02224c7befbfbd0911efbfbd1211177469efbfbd0eefbfbd47427cefbfbdefbfbdefbfbd2c37efbfbd07efbfbd70364befbfbdefbfbdefbfbd5befbfbdea8eb80eefbfbd1aefbfbdefbfbd021a73d19d39efbfbd72efbfbd4036efbfbdefbfbd4c54efbfbd5663efbfbd73efbfbdefbfbd1f28efbfbdefbfbdefbfbd0f5716efbfbd60efbfbd40efbfbd4d6cefbfbd69efbfbdefbfbd2c5aefbfbdd9baefbfbdefbfbd6fefbfbdefbfbd5cefbfbdefbfbdefbfbd4345166447efbfbd0141efbfbdd48170636defbfbdefbfbdefbfbdefbfbd61efbfbdefbfbd052e3528efbfbdefbfbd3465efbfbdefbfbd7defbfbd3d3defbfbd4befbfbd72efbfbd5defbfbdefbfbd5cd2bd7fefbfbdefbfbdefbfbdefbfbd354673c7a6efbfbdefbfbd41efbfbdefbfbdefbfbd312615efbfbdefbfbdefbfbd4defbfbd3defbfbd52efbfbdefbfbdefbfbd58efbfbdefbfbd5f2872efbfbdefbfbd4b01efbfbd382defbfbdefbfbdefbfbdefbfbd1c18efbfbdefbfbd53efbfbdefbfbdefbfbdefbfbdefbfbd1b73746defbfbd3818efbfbd65efbfbd2e21353223efbfbdefbfbdefbfbd0f402fcd99efbfbdefbfbd61efbfbdefbfbdefbfbd592e07efbfbdefbfbd303569070eefbfbd071e3b3220424e527c2befbfbd5274efbfbd02efbfbd3eefbfbdefbfbdefbfbd6d4befbfbdefbfbd5defbfbd7404efbfbddaa8efbfbd2734efbfbd7f42efbfbdefbfbd030046db8426efbfbd33efbfbdefbfbd0befbfbd2aefbfbdefbfbdefbfbd70efbfbd6eefbfbdefbfbdefbfbd4b3a24162244d3a221efbfbd744b2668efbfbd5609003300efbfbd096d4befbfbd07450e39efbfbd45efbfbd5c50305f6f26057f69efbfbd09dfac5f63efbfbdefbfbd61efbfbd17efbfbd7e510aefbfbd6f001c0f081aefbfbdefbfbd703407efbfbd60efbfbd3cefbfbd320b5aefbfbdefbfbdefbfbd27efbfbdefbfbdefbfbdefbfbd6b1f0fefbfbd5fefbfbd335463efbfbdefbfbdefbfbd4139efbfbd1f245ccea92cd084efbfbdefbfbdefbfbdefbfbd4befbfbd2cefbfbddba4401defbfbd72efbfbd40efbfbdc69e23efbfbd404462efbfbdefbfbd3cefbfbd750b00efbfbd0fefbfbdefbfbd78efbfbd2aefbfbd36efbfbdefbfbd394aefbfbd3eefbfbdefbfbd4308691462efbfbdefbfbdefbfbdefbfbd7a64040230efbfbd37216aefbfbd05efbfbdefbfbd4fefbfbd016e4f765defbfbd45efbfbdefbfbd41efbfbdefbfbd22
80:37:73:96:9b:db,88:e9:fe:6a:92:52,2048,4,5,32,84,196,,0,122,17,7024,84.54.22.33,10.1.10.53,53,53,64,65074,1532199343.165917,98,Ether / IP / UDP / DNS Ans 2607:f8b0:4005:807::200e,0,
88:e9:fe:6a:92:52,80:37:73:96:9b:db,2048,4,5,0,1004,1,,0,64,17,21179,10.1.10.53,84.54.22.33,53,53,984,46283,1532199344.175057,1018,Ether / IP / UDP / DNS Qry b'google.com.' / Raw,948,efbfbd4008efbfbd10221defbfbd5aefbfbd195d674c38efbfbd147c672befbfbdefbfbdd88104efbfbd3e364c4a6defbfbd5defbfbdefbfbdefbfbdefbfbddaa8efbfbd2c373cefbfbd6577efbfbdefbfbdefbfbd446eefbfbd2665514221efbfbd7aefbfbd7473efbfbd0cefbfbd23efbfbd0a42752122efbfbd04efbfbdefbfbdefbfbd7638efbfbd68efbfbd4575efbfbdefbfbdefbfbdefbfbd5f5cefbfbd73efbfbd623e200defbfbdefbfbd216aefbfbdefbfbd3d3922efbfbdefbfbdefbfbd7d2a22efbfbd5aefbfbdefbfbdefbfbdefbfbd7729efbfbdefbfbd241fefbfbdefbfbd1728efbfbd68efbfbdefbfbddd93763befbfbd0defbfbdefbfbdefbfbdefbfbdefbfbd45efbfbdefbfbd2b52efbfbdefbfbd15efbfbd7eefbfbd065eefbfbd04efbfbd19efbfbd5c0a1d0d42efbfbd797fefbfbd13efbfbdefbfbd160144efbfbd367eefbfbdefbfbdefbfbdefbfbd2defbfbdefbfbd2650efbfbd64efbfbd093111efbfbd43efbfbd7c3befbfbdefbfbd21efbfbdefbfbd532eefbfbdefbfbdefbfbd74efbfbdefbfbd05efbfbdefbfbdc49e5cdc8cefbfbdefbfbdefbfbd7128efbfbd32efbfbd39efbfbd2b525031efbfbdefbfbd43efbfbd06004944efbfbd42efbfbd2fefbfbd34efbfbdefbfbd2f2eefbfbd49dbb4efbfbd4fefbfbd0a646171493eefbfbdefbfbdefbfbdefbfbdefbfbd68efbfbd140112efbfbdefbfbd48efbfbd7223efbfbd5cefbfbdefbfbd7eefbfbd7cefbfbdefbfbdefbfbd134befbfbdefbfbd0aefbfbdefbfbdefbfbdefbfbd07efbfbd787cefbfbd69efbfbdefbfbd0411efbfbd4aefbfbd0557efbfbd7aefbfbdefbfbdefbfbdefbfbd10434929efbfbd4e6befbfbdefbfbd7ec3a8094938efbfbdefbfbd16351e5fefbfbd3befbfbd167eefbfbd3e607c187befbfbdefbfbd07efbfbdefbfbdefbfbdefbfbdefbfbd22034217efbfbd0befbfbdefbfbd6954efbfbd4554efbfbd6e4f1e0befbfbdefbfbd10716aefbfbd213aefbfbd00114148efbfbd37efbfbdefbfbdefbfbd2fd5ad2c7f31da8c5defbfbd2544613befbfbd4f59efbfbdefbfbdefbfbd7d2d450f6902751befbfbdefbfbd1957efbfbd7c6eefbfbd534b5f3fefbfbdefbfbdefbfbdefbfbd0aefbfbd6f0acd994d4e15efbfbd4ce7b28aefbfbdefbfbd5368efbfbdefbfbdefbfbd37efbfbd08efbfbd387aefbfbd18efbfbd7d4a297f3a5b4cefbfbdefbfbd5534efbfbd6bd595efbfbdefbfbdefbfbd47efbfbdefbfbdd587efbfbd04efbfbd586aefbfbd0defbfbdefbfbdefbfbd6fefbfbd416befbfbd2fefbfbd29efbfbdefbfbd
80:37:73:96:9b:db,88:e9:fe:6a:92:52,2048,4,5,32,84,1122,,0,122,17,6098,84.54.22.33,10.1.10.53,53,53,64,65075,1532199344.185602,98,Ether / IP / UDP / DNS Ans 2607:f8b0:4005:807::200e,0,
88:e9:fe:6a:92:52,80:37:73:96:9b:db,2048,4,5,0,1037,1,,0,64,17,21146,10.1.10.53,84.54.22.33,53,53,1017,14360,1532199345.192632,1051,Ether / IP / UDP / DNS Qry b'google.com.' / Raw,981,2a0befbfbdcbaaefbfbd66efbfbd75efbfbdefbfbdefbfbdefbfbd3eefbfbd0767efbfbdefbfbdefbfbdefbfbdefbfbdefbfbdefbfbdefbfbdefbfbd361d50603d2f405cefbfbdefbfbd73efbfbdefbfbdefbfbdefbfbd18efbfbd2258691fd78a56efbfbdefbfbdefbfbdefbfbdefbfbdefbfbd53efbfbd3f0300efbfbdefbfbdefbfbdefbfbd12efbfbd0befbfbd3befbfbdefbfbdefbfbd226c7fefbfbdefbfbd2cefbfbd34217e0767efbfbd3b10efbfbdefbfbd523defbfbdefbfbd575623efbfbdefbfbd46efbfbd51efbfbd461747efbfbdefbfbdefbfbdefbfbdefbfbdefbfbdefbfbdefbfbdefbfbdd5853e7d67efbfbd063fefbfbd09efbfbdefbfbd05704eefbfbd26efbfbdefbfbd3e69efbfbdefbfbdefbfbd29efbfbd374befbfbdefbfbd782043525aea8e84efbfbd1d15efbfbd6669efbfbdefbfbdefbfbd58efbfbd43efbfbddbb543efbfbd36efbfbd30efbfbdefbfbdefbfbd3c3826efbfbdefbfbd45efbfbd1befbfbd7e4629efbfbd04cc8aefbfbd3a2e4fefbfbdefbfbd460defbfbd5fefbfbdefbfbd3864efbfbd166cefbfbdefbfbdefbfbdefbfbd165fefbfbd6cefbfbd0062efbfbdefbfbdefbfbdefbfbd5aefbfbd14efbfbd7cefbfbdefbfbdefbfbd2eefbfbd49ca92efbfbd75efbfbdefbfbdd49e2befbfbdefbfbd69cd9eefbfbd3e6fefbfbd17efbfbd1aefbfbd110213efbfbd70efbfbdefbfbd11291048efbfbd2eefbfbdefbfbdefbfbdefbfbdefbfbdefbfbd7defbfbdefbfbd5dc2a9efbfbd2b33cb82efbfbd167a4befbfbdefbfbdefbfbdefbfbd18224eefbfbd366fefbfbd59efbfbd26c49fd0a1efbfbd255befbfbdefbfbd36efbfbd2662efbfbd5cefbfbdefbfbdefbfbd316fefbfbd577b4befbfbd23efbfbdefbfbdd49c2b52591defbfbd48efbfbd01286befbfbd18efbfbd3eefbfbd6b2c2cefbfbdefbfbd1befbfbdefbfbdc3a6efbfbd6befbfbdefbfbd7c02714cefbfbdefbfbd3defbfbdefbfbdefbfbd7c24efbfbd12efbfbd59efbfbd62efbfbdefbfbd43610b0a38efbfbd6359efbfbd591652efbfbdefbfbd7925efbfbd3fefbfbd4620601159297927110b2b7f5e494172efbfbdefbfbd2dc9ad660155efbfbdefbfbd3c12efbfbdefbfbdefbfbd24470defbfbdefbfbdefbfbdefbfbdefbfbdd3ba587740db91efbfbdefbfbd524cc8a455efbfbd21efbfbd1befbfbd22efbfbd7d5e58efbfbdefbfbd537a683befbfbd48efbfbd6cefbfbdefbfbdefbfbd2f20efbfbdefbfbd30efbfbd6f35efbfbdefbfbd604151efbfbd77efbfbdefbfbdefbfbdefbfbdefbfbd2befbfbdefbfbd26efbfbd6c0c2d6defbfbd7dc393efbfbdefbfbd3fefbfbdefbfbd58efbfbdefbfbd35
80:37:73:96:9b:db,88:e9:fe:6a:92:52,2048,4,5,32,84,1586,,0,122,17,5634,84.54.22.33,10.1.10.53,53,53,64,65076,1532199345.206064,98,Ether / IP / UDP / DNS Ans 2607:f8b0:4005:807::200e,0,
88:e9:fe:6a:92:52,80:37:73:96:9b:db,2048,4,5,0,1004,1,,0,64,17,21179,10.1.10.53,84.54.22.33,53,53,984,13507,1532199346.214431,1018,Ether / IP / UDP / DNS Qry b'google.com.' / Raw,948,7953efbfbd09efbfbdefbfbd4fefbfbd0821efbfbdefbfbdefbfbd34efbfbde58c8cefbfbd65070aefbfbdefbfbdefbfbd3229c8b3efbfbd4befbfbd530aefbfbd60d48defbfbd4902164414424cefbfbdefbfbdefbfbd35efbfbd22efbfbdefbfbdefbfbd225677460a33efbfbdd88b4befbfbd7e11efbfbd5d7befbfbdefbfbd6cefbfbdefbfbd44efbfbd367eefbfbd73c890efbfbd10701840efbfbd12df90efbfbdefbfbdefbfbd72efbfbdefbfbdefbfbdefbfbd1fefbfbd72efbfbd60efbfbd4f522e4747efbfbdefbfbdefbfbd42efbfbdefbfbd0f1e2defbfbd7c2c76efbfbd10214defbfbd772aefbfbd2123efbfbdefbfbdefbfbd30efbfbd20efbfbdefbfbd63efbfbd6c79471a3eefbfbd0847efbfbd7676c4af15efbfbdefbfbd7b6c3f3477efbfbdefbfbd21e0b58867efbfbdefbfbdefbfbd17efbfbd5eefbfbdefbfbd52efbfbd5f44efbfbdcbbdefbfbd3d17efbfbd62efbfbd30efbfbdefbfbd7bddb3efbfbd6defbfbd54efbfbd7befbfbd0040efbfbdefbfbddf8438efbfbdefbfbd3defbfbd5f4eefbfbd026defbfbd20041a2c04efbfbd5d58efbfbdefbfbd55543a2f1a30efbfbd49efbfbdc7abefbfbdefbfbdd49c7f487e1d1426efbfbd1d04efbfbdefbfbdefbfbd2c7b0b0b3f0f73efbfbdefbfbdefbfbdefbfbdefbfbd7925efbfbd0271efbfbd7de78cb2efbfbd00efbfbd4d765d6d4befbfbd2fee8f8aefbfbd5f63efbfbdefbfbd3a7aefbfbdefbfbd4d4a18efbfbdefbfbd39efbfbd6502efbfbd4defbfbd2c0e46efbfbdefbfbd13efbfbd235befbfbd58efbfbd7b50efbfbdefbfbd79efbfbd55efbfbdefbfbdefbfbd6b57efbfbd61efbfbd4711efbfbd6a5f67625eefbfbdefbfbd0d06efbfbdefbfbdefbfbd11efbfbdefbfbdefbfbd1defbfbd2914efbfbd65efbfbdefbfbdefbfbd4a12efbfbdd99aefbfbd58efbfbd27efbfbdefbfbd481dcabaefbfbd1f394defbfbd696eefbfbdefbfbdefbfbd227aefbfbd20efbfbd1d5defbfbd5a14efbfbd4744efbfbd0e117c686befbfbdefbfbdefbfbd67efbfbd583eefbfbdefbfbd7b126641efbfbdefbfbd1d7e0fefbfbd11efbfbdefbfbd6012efbfbd0744efbfbdefbfbd0047efbfbdefbfbd46085de28fbdefbfbdefbfbdefbfbdefbfbd0544efbfbdefbfbd5c6b45efbfbdefbfbdefbfbdefbfbdefbfbd58520e3f63efbfbdefbfbdefbfbd3721efbfbdefbfbdefbfbd03071befbfbd4353efbfbd09071c1564efbfbdefbfbd0e29567a64efbfbdefbfbdefbfbd22efbfbdefbfbdddb5efbfbdefbfbd12efbfbd251befbfbd4d535defbfbdefbfbdefbfbd
80:37:73:96:9b:db,88:e9:fe:6a:92:52,2048,4,5,32,84,2399,,0,122,17,4821,84.54.22.33,10.1.10.53,53,53,64,65077,1532199346.230095,98,Ether / IP / UDP / DNS Ans 2607:f8b0:4005:807::200e,0,
88:e9:fe:6a:92:52,80:37:73:96:9b:db,2048,4,5,0,1039,1,,0,64,17,21144,10.1.10.53,84.54.22.33,53,53,1019,39038,1532199347.233872,1053,Ether / IP / UDP / DNS Qry b'google.com.' / Raw,983,1d39efbfbd15c6b8efbfbd0a63efbfbdefbfbd7b1befbfbd28efbfbdefbfbd36170905efbfbdefbfbd6fefbfbd221defbfbd76efbfbd4b44efbfbdefbfbd50cba4efbfbdefbfbd181d5c51364511efbfbd22efbfbd57436befbfbd2d1817efbfbd1befbfbdefbfbdefbfbd0420efbfbd5d5d095471efbfbd78d6bc45efbfbd4701efbfbdefbfbd5defbfbd4befbfbdefbfbdefbfbd02efbfbd04efbfbdefbfbdefbfbdefbfbd0aefbfbdcca0efbfbd6cefbfbdefbfbdefbfbd5befbfbdefbfbd6071170aefbfbdefbfbdefbfbdefbfbd44efbfbd78efbfbdefbfbdefbfbd72efbfbdefbfbd790b534aefbfbd535054720eefbfbd38efbfbd6b7defbfbdefbfbd0defbfbd0b32efbfbd5e2165efbfbdefbfbdefbfbdefbfbdefbfbdefbfbd61d892efbfbdefbfbdefbfbd1defbfbd631aefbfbdefbfbdefbfbd185fefbfbd37ceafefbfbd1bdf8fdc804defbfbd34cd90efbfbd09efbfbd21efbfbdefbfbd6fefbfbd1eefbfbd1b79417fefbfbd19efbfbdefbfbdefbfbd6c1556efbfbdefbfbd7560efbfbd143907395e4c5c65efbfbdefbfbd447defbfbdefbfbd3edebdefbfbd606eefbfbd6f4c0cefbfbdcba634d7ae1fefbfbdefbfbdefbfbd10352aefbfbd470fefbfbdefbfbd45efbfbdefbfbdefbfbd75efbfbdefbfbd13efbfbd5d65efbfbd5f776defbfbdefbfbdefbfbdefbfbd0e42efbfbdefbfbd39183eefbfbd6eefbfbd3721efbfbdefbfbd50efbfbdefbfbdefbfbd5defbfbdefbfbdc9acefbfbdc482efbfbd5942efbfbdefbfbd0b7defbfbd27677917efbfbdefbfbdefbfbd31efbfbd7a440806271eefbfbdefbfbdefbfbdefbfbdefbfbdefbfbdefbfbdec8498efbfbd10efbfbdefbfbd43efbfbd7071626fefbfbd22efbfbd757149cfb8efbfbdefbfbd4351c8a176efbfbd3b74efbfbd694aefbfbdefbfbdefbfbd37efbfbdefbfbd565d612cefbfbdefbfbd1defbfbdefbfbd32cdb9efbfbd15efbfbdefbfbdefbfbd01efbfbd7f1fefbfbd25efbfbdefbfbdefbfbd5befbfbdefbfbdefbfbdefbfbd27efbfbd0149116defbfbdefbfbd1b533aefbfbd61efbfbdefbfbd58efbfbd3829efbfbd66332eefbfbdefbfbd7b3d52efbfbdefbfbd153e64efbfbd19efbfbd1cefbfbd290607efbfbd1d5f70efbfbdefbfbdefbfbd28efbfbd1451efbfbd7053efbfbdefbfbd1aefbfbd58efbfbd28604e7737efbfbdefbfbdefbfbd554befbfbd22efbfbd1defbfbdefbfbddab5efbfbdefbfbdefbfbd56efbfbd3f4a442befbfbdefbfbd2aefbfbdefbfbd1eefbfbdefbfbdd385efbfbd39efbfbd12efbfbd0905efbfbdefbfbd6d6fefbfbdefbfbdefbfbdefbfbd6cefbfbdefbfbdefbfbdefbfbd7defbfbdefbfbd474befbfbd
80:37:73:96:9b:db,88:e9:fe:6a:92:52,2048,4,5,32,84,3259,,0,122,17,3961,84.54.22.33,10.1.10.53,53,53,64,65078,1532199347.245332,98,Ether / IP / UDP / DNS Ans 2607:f8b0:4005:807::200e,0,
88:e9:fe:6a:92:52,80:37:73:96:9b:db,2048,4,5,0,1037,1,,0,64,17,21146,10.1.10.53,84.54.22.33,53,53,1017,34323,1532199348.252542,1051,Ether / IP / UDP / DNS Qry b'google.com.' / Raw,981,4fefbfbdefbfbdefbfbdefbfbdc880efbfbdefbfbdefbfbdefbfbd0c33efbfbd083eefbfbd713641efbfbd6858cdaaefbfbd5d0cefbfbdefbfbdefbfbdefbfbd40efbfbd244d0a4befbfbd55efbfbdefbfbd751eefbfbd1a1aefbfbdefbfbd11efbfbd7befbfbd36efbfbd00efbfbdefbfbd3aefbfbdefbfbd0a7defbfbd5befbfbdefbfbdefbfbdefbfbd054948780212efbfbd01420befbfbd7f54efbfbd5cefbfbd58efbfbd77efbfbdefbfbd0eefbfbdefbfbd1befbfbd50744defbfbd33efbfbd3defbfbd695256c29e695aefbfbd05efbfbdefbfbd7fefbfbdefbfbdefbfbd7cefbfbdefbfbdefbfbdefbfbd66efbfbdefbfbdefbfbd56efbfbdefbfbdefbfbd7e63685560efbfbd5fefbfbd78204e1aefbfbdefbfbdefbfbdefbfbdefbfbd50efbfbdefbfbd6d5cd1bd557eefbfbd53efbfbd0d3f7839efbfbd7b281325452745efbfbd27efbfbd565f2ad69040efbfbdefbfbd6b7d4b08353477efbfbdefbfbdefbfbd3b0fefbfbdefbfbdefbfbd43efbfbdefbfbd3258efbfbdefbfbd36efbfbdefbfbdefbfbd6f78efbfbd52011befbfbd0fefbfbdefbfbd627defbfbdefbfbdcbb367efbfbd71efbfbd75efbfbdefbfbd12efbfbd2eefbfbdefbfbd0fefbfbd6befbfbd1d19efbfbdefbfbdefbfbd25efbfbd16efbfbd19efbfbd1eefbfbd2befbfbdefbfbdefbfbdefbfbd5e1defbfbdefbfbd13efbfbdefbfbd0f137defbfbd32efbfbd35efbfbdefbfbd40efbfbdefbfbd3fefbfbdefbfbdefbfbd5fefbfbd38efbfbdefbfbd671e3c1cefbfbd1befbfbd15efbfbdefbfbd74efbfbdefbfbdefbfbd1008efbfbd733c72efbfbd0730efbfbd06db98cb98efbfbdefbfbdcc91efbfbd633224140375787defbfbdefbfbdefbfbd44efbfbd1fefbfbdefbfbd72efbfbd45544875efbfbd0fefbfbd022eefbfbdefbfbdefbfbd5b6a03efbfbd5fefbfbdefbfbdefbfbdefbfbd354673284c73efbfbd15c698efbfbdefbfbd4befbfbd0fefbfbd2befbfbdefbfbd250aefbfbdefbfbdefbfbd79efbfbd091a2defbfbd0fefbfbdefbfbd1aceb271efbfbdefbfbdefbfbd56dbb1efbfbdefbfbd495cefbfbdefbfbd4c7defbfbdefbfbdefbfbd0defbfbdefbfbd38d68defbfbdefbfbd5defbfbdefbfbd3eefbfbd615c13efbfbdefbfbd26efbfbdc3acefbfbdefbfbdefbfbdefbfbdefbfbd45e1ad89efbfbdefbfbdefbfbd36efbfbd16efbfbd7b5d42efbfbd1f14784b3befbfbd1a36efbfbdefbfbdefbfbdefbfbdefbfbd15065655efbfbdefbfbd3befbfbd1fefbfbd2305efbfbd245e3d2b05efbfbd4bdca6efbfbd76efbfbd4eefbfbd3f080d6eefbfbd7721efbfbd19594b0f1dd89743efbfbdefbfbd5eefbfbdefbfbddfbb
80:37:73:96:9b:db,88:e9:fe:6a:92:52,2048,4,5,32,84,3868,,0,122,17,3352,84.54.22.33,10.1.10.53,53,53,64,65079,1532199348.264799,98,Ether / IP / UDP / DNS Ans 2607:f8b0:4005:807::200e,0,
88:e9:fe:6a:92:52,80:37:73:96:9b:db,2048,4,5,0,1035,1,,0,64,17,21148,10.1.10.53,84.54.22.33,53,53,1015,48822,1532199349.271787,1049,Ether / IP / UDP / DNS Qry b'google.com.' / Raw,979,efbfbdefbfbd58efbfbdefbfbd09efbfbdf3bc89b7efbfbd397578efbfbd32efbfbd4c1befbfbdefbfbd16d88eefbfbdefbfbd5c014834efbfbd23efbfbdefbfbdefbfbdefbfbd08efbfbd7fefbfbd7eefbfbddd9a6eefbfbdefbfbd565ed4b56e5b2070efbfbdefbfbdefbfbd5d72efbfbd48efbfbd6976e1999a0aefbfbd7f121d6f5651efbfbd11efbfbdefbfbd36265442efbfbdefbfbd2eefbfbd6c230134efbfbd0de6b3bcd3aeefbfbdefbfbdefbfbd41efbfbdefbfbd37efbfbd58efbfbdefbfbd77efbfbdefbfbdefbfbd7a4aefbfbdefbfbd0233efbfbdefbfbd62724f30724defbfbd447defbfbdefbfbd492a7ede8befbfbdefbfbd02efbfbd5fefbfbdefbfbdefbfbddab5632d3b49efbfbd78efbfbd52137f2fefbfbdefbfbd1befbfbdefbfbdefbfbddd9e6715efbfbd2eefbfbdefbfbd7409efbfbdefbfbd6f797cefbfbdefbfbdefbfbd7e34efbfbddb9319efbfbdefbfbdefbfbd0123efbfbdd09ad6b2255859efbfbdefbfbdefbfbd1f1cefbfbd3e144befbfbd696e17efbfbd1848efbfbdefbfbdefbfbd0b4b73efbfbd62efbfbd66efbfbdefbfbdefbfbdefbfbd17efbfbdefbfbdd2a750efbfbdefbfbdefbfbd54efbfbdefbfbd13efbfbd10efbfbd15efbfbdefbfbd4f783ec48815efbfbdefbfbdefbfbd5168efbfbdefbfbdefbfbd24efbfbd0eefbfbd22efbfbdefbfbdefbfbd00efbfbdefbfbd09564221efbfbdefbfbdefbfbd6812efbfbdefbfbdefbfbdefbfbdefbfbdefbfbd004aefbfbdefbfbdefbfbd4d48efbfbdefbfbd32efbfbdefbfbd79efbfbdefbfbd2c21efbfbdefbfbdefbfbd20efbfbd023eefbfbdefbfbd5defbfbdefbfbd05efbfbdefbfbd7eefbfbd2542efbfbd09191cefbfbd4624efbfbd772b724defbfbdefbfbd1eefbfbd2476efbfbd65efbfbd13efbfbdefbfbdefbfbdefbfbdefbfbd15efbfbd65df97efbfbd7eefbfbd59efbfbd26efbfbdefbfbdefbfbd7a55efbfbdefbfbdefbfbdefbfbdefbfbd6aefbfbd5260426f0e114f45efbfbdefbfbdefbfbd7f6cefbfbd391cefbfbd0831efbfbd2fefbfbd2defbfbdefbfbdefbfbdefbfbdefbfbdefbfbd49d3b6376046efbfbd5d2cefbfbdefbfbdefbfbdefbfbd7d04efbfbd4d5defbfbd21efbfbdd0a73f5befbfbd372eefbfbdefbfbdefbfbdefbfbd09efbfbd320025efbfbd1d43efbfbd172f1d2454285b6a780aefbfbdefbfbd2c40efbfbd43efbfbd2f26753615efbfbdefbfbd44067176efbfbdefbfbd451aefbfbd116a7cefbfbd13efbfbd3973efbfbdefbfbdefbfbd307548efbfbd2847efbfbd2900efbfbdefbfbd7f05efbfbdefbfbdefbfbd6befbfbdcab2efbfbd4572efbfbd25efbfbd0c01efbfbd6c01
80:37:73:96:9b:db,88:e9:fe:6a:92:52,2048,4,5,32,84,4833,,0,122,17,2387,84.54.22.33,10.1.10.53,53,53,64,65080,1532199349.308749,98,Ether / IP / UDP / DNS Ans 2607:f8b0:4005:807::200e,0,
88:e9:fe:6a:92:52,80:37:73:96:9b:db,2048,4,5,0,1010,1,,0,64,17,21173,10.1.10.53,84.54.22.33,53,53,990,45536,1532199350.293494,1024,Ether / IP / UDP / DNS Qry b'google.com.' / Raw,954,74030a394aefbfbdc489efbfbd09efbfbdefbfbd77efbfbdefbfbd45efbfbd62efbfbd2defbfbd4eefbfbd66efbfbd5d3210efbfbd44efbfbd580aefbfbdefbfbdefbfbdefbfbd7941cab2efbfbdefbfbd05efbfbd3d50efbfbd1119efbfbd2c5defbfbd2eefbfbdefbfbdefbfbd46efbfbd2863efbfbdefbfbd1021efbfbdefbfbd630340efbfbdefbfbdefbfbdefbfbd470d0224efbfbd2d47efbfbdefbfbddc9cefbfbd003674efbfbd2fefbfbd4d42efbfbd67efbfbd66efbfbdefbfbdcc96efbfbdefbfbd72efbfbd7eefbfbdefbfbdefbfbd52efbfbdefbfbdefbfbd4a55efbfbd2814efbfbd3b1e1eefbfbdefbfbdefbfbd0defbfbd63efbfbd07efbfbdefbfbd3b0070ef80b0efbfbdefbfbd12efbfbdefbfbdefbfbd466970efbfbd31efbfbdefbfbdefbfbd4defbfbd35efbfbd72efbfbd462b6c0a5b680237efbfbdefbfbdefbfbdc9a9efbfbd5a09efbfbdefbfbd1aefbfbdefbfbd450a221cefbfbd72efbfbd2aefbfbdefbfbdefbfbd5cefbfbd38efbfbdefbfbd3c1eefbfbd17efbfbd36efbfbdefbfbd53efbfbd354a05efbfbd51efbfbdefbfbd3fd5aeefbfbd24efbfbde79d84efbb85efbfbd0925efbfbdefbfbdefbfbdefbfbd23efbfbd1defbfbd382aefbfbd50efbfbdefbfbdcdaf27cba2561f30efbfbd52efbfbdefbfbd6c62efbfbd3869efbfbd0267efbfbd6aefbfbd2670efbfbd7eefbfbd58efbfbd305932efbfbdefbfbd1954efbfbd64efbfbd691fefbfbd7d07efbfbd76efbfbd5defbfbdefbfbd626cefbfbd575b73526053efbfbd0656efbfbd2eefbfbd43efbfbdefbfbd3f17efbfbd604f5f6d5cefbfbd3f4fefbfbd426fefbfbd70efbfbdefbfbdefbfbd3960421376efbfbd1cefbfbd1befbfbdefbfbd4eefbfbd57efbfbd4d6defbfbd3eefbfbd665e5d3a374e0f11efbfbdefbfbd080f060fefbfbdcb8278efbfbd14efbfbdefbfbd2eefbfbdefbfbdefbfbdefbfbd78efbfbd4aefbfbd1defbfbdefbfbdefbfbd1f52d69b1defbfbd211aefbfbdefbfbdefbfbd49efbfbdefbfbd582c45efbfbd55efbfbd5cefbfbdefbfbdefbfbdefbfbd091e481cefbfbd543068d0b02e4b4eefbfbd5eefbfbd68efbfbd14727cefbfbd63efbfbdd595efbfbd233627efbfbd49efbfbd4273325117795eefbfbd69efbfbd6759efbfbd517defbfbd776eefbfbd7befbfbd0a5eefbfbdefbfbd3befbfbd04efbfbd6539efbfbd28efbfbd0defbfbd1a3674efbfbdefbfbd7defbfbdefbfbd4668efbfbdefbfbdefbfbdefbfbd4f0eefbfbd2f2a39efbfbd0fefbfbdefbfbd2befbfbdefbfbd0befbfbd0b4f4fefbfbdefbfbd3a1e55efbfbd
80:37:73:96:9b:db,88:e9:fe:6a:92:52,2048,4,5,32,84,5421,,0,122,17,1799,84.54.22.33,10.1.10.53,53,53,64,65081,1532199350.304299,98,Ether / IP / UDP / DNS Ans 2607:f8b0:4005:807::200e,0,
88:e9:fe:6a:92:52,80:37:73:96:9b:db,2048,4,5,0,1006,1,,0,64,17,21177,10.1.10.53,84.54.22.33,53,53,986,49529,1532199351.311700,1020,Ether / IP / UDP / DNS Qry b'google.com.' / Raw,950,efbfbdefbfbdefbfbdefbfbd09efbfbdefbfbd22efbfbd52efbfbd6befbfbd4a7406514aefbfbd32efbfbd37efbfbdefbfbdefbfbd2468efbfbdefbfbd133626efbfbdefbfbd72734744efbfbd294958efbfbdefbfbdcb8aefbfbdefbfbdefbfbd04146e3aefbfbd30efbfbdefbfbdefbfbdefbfbd6eefbfbdefbfbd09efbfbdefbfbd4befbfbd3e2b2476710defbfbd5dce85efbfbd59efbfbd65efbfbd3eefbfbdefbfbdefbfbd5e4966281478efbfbdefbfbd1e772a15efbfbdefbfbd427defbfbdefbfbd03efbfbdefbfbd762b284befbfbdefbfbdefbfbd7dda984d44efbfbd48474fefbfbdefbfbd1d6545efbfbdefbfbd14efbfbdefbfbdefbfbdefbfbdefbfbddca5efbfbd7a7f056b34efbfbdefbfbdefbfbd71efbfbd09efbfbdefbfbdefbfbdefbfbd3950efbfbdefbfbd760defbfbd7aefbfbdefbfbdefbfbdefbfbdefbfbdefbfbd0615efbfbdefbfbdefbfbdefbfbdefbfbdefbfbdefbfbd427666efbfbdefbfbdefbfbd01efbfbdefbfbdefbfbdefbfbd4eefbfbd342b5eefbfbdefbfbd403c4c11d1bb61d39c5b5551efbfbdefbfbd242de6b08defbfbd641d772a3c47d784efbfbdefbfbd4aefbfbd15efbfbdefbfbdefbfbd5620efbfbd0344746f703b64efbfbdefbfbdefbfbd43692d6a59efbfbd5fefbfbd11efbfbd4aefbfbd353d0a3174efbfbd6577efbfbdefbfbd647aefbfbdefbfbdefbfbd5604346e6fefbfbdefbfbd6defbfbd23efbfbd6b0a02efbfbdefbfbdefbfbd4eefbfbd7163efbfbdefbfbd343435efbfbdefbfbd0fefbfbdefbfbd41492c16db995041efbfbdefbfbd3defbfbd6cefbfbd4e44692f7411efbfbdefbfbd3defbfbd65efbfbdefbfbd042befbfbd3f1cefbfbd68efbfbd2111efbfbd10efbfbddba9efbfbdefbfbdefbfbd2455efbfbdefbfbd175d38efbfbdefbfbd47efbfbd5a4e2725efbfbd05efbfbdefbfbd2cefbfbd302c4703efbfbdefbfbd342cefbfbdefbfbdefbfbdefbfbd3a20264eefbfbdefbfbd6248efbfbdefbfbdefbfbdefbfbdefbfbd51efbfbd023f00003befbfbdefbfbd29546a5570efbfbdefbfbd497d67076a4a34efbfbd4befbfbd0befbfbd371d2e3805ca92efbfbd2a540a2aefbfbdefbfbdefbfbdefbfbd3ddda05074d68cefbfbded84b04929efbfbdefbfbdefbfbdefbfbdefbfbd351fefbfbd70efbfbd12227a0d11efbfbdefbfbd48efbfbdefbfbdefbfbd3b01efbfbd07d0ba02efbfbd7b1867efbfbdefbfbd52efbfbdce8defbfbd3e78d8b67d561a2f797c3aefbfbd4defbfbd4309efbfbd00efbfbdefbfbdefbfbdefbfbdefbfbdc8a0781befbfbd4cefbfbd27
80:37:73:96:9b:db,88:e9:fe:6a:92:52,2048,4,5,32,84,5904,,0,122,17,1316,84.54.22.33,10.1.10.53,53,53,64,65082,1532199351.355696,98,Ether / IP / UDP / DNS Ans 2607:f8b0:4005:807::200e,0,
88:e9:fe:6a:92:52,80:37:73:96:9b:db,2048,4,5,0,1006,1,,0,64,17,21177,10.1.10.53,84.54.22.33,53,53,986,3200,1532199352.332264,1020,Ether / IP / UDP / DNS Qry b'google.com.' / Raw,950,65356c7cefbfbdefbfbd2defbfbdefbfbd32efbfbdefbfbdefbfbdefbfbd09681466efbfbd54efbfbdd581efbfbdefbfbd01efbfbd59efbfbddf99efbfbdefbfbd73efbfbd40efbfbd2b531e06045cefbfbd7fefbfbd3eefbfbdefbfbd29efbfbddd8cefbfbdefbfbd72efbfbdefbfbd3befbfbdefbfbd1c056855efbfbdefbfbdefbfbdda9fefbfbdefbfbdefbfbd74014a7c24efbfbd100b57efbfbd77515e7d6b39efbfbdefbfbd10efbfbd12efbfbdefbfbd20efbfbd04350500efbfbdefbfbd0a0b106c1408efbfbdefbfbdefbfbd757befbfbdefbfbd6e1330efbfbdefbfbdcb884b1d5c616478efbfbd67efbfbdefbfbd4defbfbd127412efbfbd75efbfbd09efbfbd7f497defbfbdefbfbdefbfbd24efbfbd6befbfbdefbfbd2aefbfbd586c37111fefbfbdefbfbd437befbfbd2cefbfbd1a16efbfbd6defbfbdefbfbd67467f0a5618efbfbdefbfbdefbfbd3d28efbfbd474444efbfbd13384642efbfbdefbfbdefbfbd422c252cefbfbdefbfbd1d0e41efbfbd79efbfbd2316efbfbdefbfbd44efbfbd35203aefbfbd4a6eefbfbdefbfbd5cefbfbdefbfbdefbfbdefbfbd4befbfbd295f78efbfbdefbfbdefbfbdefbfbd322d7aefbfbd6fefbfbd55efbfbd2c3b536f53e0be9433efbfbdefbfbd3e11efbfbd12efbfbd497317efbfbd06efbfbd0e5fefbfbdefbfbdefbfbd00efbfbdefbfbd6456efbfbd70efbfbdcd90efbfbdefbfbd5eefbfbdc49716efbfbd32efbfbd03efbfbdefbfbd75efbfbdefbfbdefbfbdefbfbd0e7f24efbfbd4b021738efbfbd03efbfbd7b7a3d342145efbfbd693bd184efbfbd30efbfbd1befbfbdefbfbd4a62efbfbd6cefbfbd53efbfbd5509efbfbd0befbfbdefbfbd7eefbfbd69efbfbdefbfbd69efbfbdefbfbdefbfbdd0aaefbfbd10efbfbd6c59727cefbfbdc2baefbfbdefbfbd73d783efbfbd5cefbfbd68efbfbd0fefbfbd7fefbfbdefbfbd42d79920efbfbdefbfbdefbfbdefbfbd44efbfbdefbfbd5befbfbd0eefbfbd64527b4defbfbdefbfbd52efbfbdefbfbd1342efbfbdefbfbd795edd99efbfbdefbfbdefbfbd20443139efbfbd45efbfbdefbfbdd49452efbfbd510befbfbd5b60efbfbdefbfbd45efbfbdefbfbdefbfbd47ddb9efbfbd5917dd99efbfbd026f496626c281efbfbd1fefbfbd49efbfbdefbfbdefbfbd5b632933efbfbd17efbfbd5c13006defbfbd0aefbfbd2aefbfbd3befbfbdefbfbdefbfbd090defbfbd4d13efbfbd4dc6b7681b12784d46efbfbdefbfbdefbfbdefbfbd6fefbfbd7768306204efbfbdefbfbdefbfbd6c5defbfbd034aefbfbd776cefbfbd51efbfbdefbfbd
80:37:73:96:9b:db,88:e9:fe:6a:92:52,2048,4,5,32,84,6333,,0,122,17,887,84.54.22.33,10.1.10.53,53,53,64,65083,1532199352.343638,98,Ether / IP / UDP / DNS Ans 2607:f8b0:4005:807::200e,0,
88:e9:fe:6a:92:52,80:37:73:96:9b:db,2048,4,5,0,1013,1,,0,64,17,21170,10.1.10.53,84.54.22.33,53,53,993,51737,1532199353.353065,1027,Ether / IP / UDP / DNS Qry b'google.com.' / Raw,957,7f30efbfbd3672efbfbd16efbfbd1e6142efbfbdefbfbd304c4f6231efbfbdefbfbdefbfbd45efbfbdefbfbd76efbfbdefbfbd1c4eefbfbd7a461d3605efbfbdefbfbd16efbfbdefbfbd2befbfbd07112e2c52efbfbd45efbfbd21c992efbfbd1342efbfbdefbfbdefbfbdefbfbdefbfbd1c6a4a641d52efbfbdefbfbd37efbfbd1aefbfbd276c3a3458efbfbdefbfbd710e183927efbfbdefbfbd4f40efbfbdefbfbdd88725efbfbdefbfbdefbfbdefbfbdefbfbdefbfbdefbfbd6a48efbfbd7eefbfbdefbfbd290aefbfbdefbfbd4fefbfbd762fefbfbdefbfbd3cefbfbd496600efbfbd656defbfbdc486efbfbdefbfbdefbfbdefbfbdefbfbdefbfbd11efbfbd3b71efbfbdefbfbdefbfbd520befbfbdefbfbd5a7eefbfbdefbfbd2fefbfbdefbfbdefbfbdefbfbdefbfbdefbfbdefbfbdefbfbd4f3fefbfbdefbfbd396cefbfbdefbfbd6d53efbfbdefbfbd34efbfbdefbfbd040befbfbd44efbfbd020eefbfbd6e256d52163c683f76efbfbdefbfbd6aefbfbd5e176202efbfbd2befbfbd2aefbfbd36efbfbd1dddb2efbfbdefbfbdefbfbd2eefbfbd4eefbfbdefbfbd255d1eefbfbd5405efbfbd3fefbfbd68efbfbd4cefbfbd562f777547100a7cefbfbdefbfbd71ddac554befbfbd6cefbfbd3127efbfbdc287157aefbfbdefbfbdd28d0defbfbdefbfbd35534fefbfbd79efbfbd7eefbfbdefbfbd07efbfbdefbfbdefbfbd5f4fefbfbdefbfbdefbfbd376b2aefbfbd2d361defbfbd693b512a28d69f48efbfbdefbfbd26efbfbd5defbfbd3b63efbfbd3defbfbdefbfbdefbfbd4eefbfbdefbfbd2cefbfbdcba0efbfbdefbfbd722fefbfbd127fddb5132228efbfbd16efbfbdefbfbd11efbfbd54efbfbdefbfbd6b23efbfbdefbfbdefbfbdefbfbd59efbfbd5befbfbdefbfbdefbfbdefbfbd026f4c5a1f265cefbfbd176defbfbd25efbfbd32efbfbd7f4008efbfbdefbfbdefbfbdefbfbd4c6fefbfbdefbfbd42efbfbd1eefbfbdefbfbd064d38efbfbdefbfbd49efbfbdefbfbd70efbfbd55efbfbdefbfbd53447fefbfbdefbfbdefbfbd32efbfbd7a70efbfbd1c0defbfbdefbfbdefbfbd23efbfbdefbfbd3677deb13b550eefbfbd06efbfbd6d527eefbfbd486aefbfbd581f58efbfbdefbfbd27efbfbd0befbfbd5fefbfbdefbfbdefbfbdefbfbdefbfbd373b222eefbfbd10efbfbd55efbfbd060eefbfbd55efbfbdefbfbd04efbfbdefbfbd2f125a664a51efbfbd4f7f2aefbfbd0ad3b5efbfbd22efbfbd4e4d6adf9b7cefbfbd1d23efbfbd4fefbfbd725befbfbd4aefbfbd27efbfbdefbfbd5a6aefbfbd3c675d79efbfbd68efbfbdefbfbd2fefbfbd3f
80:37:73:96:9b:db,88:e9:fe:6a:92:52,2048,4,5,32,84,6737,,0,122,17,483,84.54.22.33,10.1.10.53,53,53,64,65084,1532199353.369271,98,Ether / IP / UDP / DNS Ans 2607:f8b0:4005:807::200e,0,
88:e9:fe:6a:92:52,80:37:73:96:9b:db,2048,4,5,0,1019,1,,0,64,17,21164,10.1.10.53,84.54.22.33,53,53,999,31108,1532199354.372890,1033,Ether / IP / UDP / DNS Qry b'google.com.' / Raw,963,4c0c3eefbfbd372b2befbfbd727defbfbdefbfbd587fefbfbdefbfbdefbfbdefbfbd08efbfbd2471efbfbdefbfbd076befbfbd3f69efbfbdefbfbdefbfbd673e39efbfbdefbfbd3defbfbd46efbfbd69efbfbdefbfbdefbfbdefbfbdefbfbd3353efbfbdefbfbdefbfbdefbfbd4b3eefbfbd3b64efbfbd16efbfbdefbfbd4c2befbfbdebbaa7efbfbdefbfbdefbfbd0fefbfbdefbfbdefbfbdefbfbd2d5befbfbdefbfbdefbfbd4aefbfbdeead8fefbfbd150a09efbfbd3f4740efbfbd5631efbfbd22efbfbd43efbfbd7b5aefbfbd5e435bcfa4583704efbfbd45efbfbd3d317aefbfbd7aefbfbdefbfbd5aefbfbd0fd4be25574b21efbfbd64efbfbd325c5b7674c9bd7cefbfbd1cefbfbd3defbfbdefbfbd74efbfbdefbfbd58efbfbdefbfbd723aefbfbd16efbfbdefbfbdd896330311efbfbd4cefbfbd70efbfbd041d26efbfbdefbfbd12d89f78efbfbd5a7c76efbfbdefbfbdefbfbd3f14efbfbdefbfbd3aefbfbdefbfbdefbfbdefbfbdefbfbd2749efbfbdefbfbd37efbfbdefbfbdefbfbd12d58445efbfbdefbfbdefbfbd5744efbfbdefbfbd32efbfbd767e3e22efbfbdde9b75efbfbdefbfbdefbfbdefbfbd0403efbfbdefbfbdefbfbdd3b711efbfbd1b40efbfbdefbfbd34efbfbddfb46456efbfbdefbfbdefbfbd0eefbfbd6cefbfbd43efbfbd0a50efbfbdefbfbdefbfbd78efbfbdefbfbdefbfbd2c48efbfbdefbfbd06efbfbd2e517aefbfbdefbfbd5b0fefbfbd357a42eeb7b175efbfbdefbfbd78efbfbdefbfbd651eefbfbd7eefbfbdefbfbdcc8befbfbd394513efbfbd6251e9a59a403f2264efbfbdefbfbd202767efbfbd1d005d277f57571a0fcf9e5fefbfbd50efbfbd483038d7b12defbfbd48efbfbdefbfbdefbfbdd288efbfbdefbfbd66d6a54b26efbfbd6cefbfbdefbfbd10efbfbd1befbfbd4414612100efbfbd682fefbfbd246defbfbd35efbfbd2befbfbdefbfbd0a23efbfbd29efbfbd08503348efbfbdefbfbdefbfbdefbfbdefbfbd28efbfbd4537efbfbdefbfbdefbfbd141656201c31c393762571efbfbd3f7cefbfbdefbfbdefbfbdc38b4a164b29efbfbdefbfbd77efbfbd2cd2b2efbfbd07efbfbdefbfbd7aefbfbdefbfbdefbfbd7defbfbd6fefbfbd147f6eefbfbdefbfbd2b16efbfbd70efbfbdefbfbdefbfbdefbfbd104511efbfbd41efbfbd266aefbfbd23efbfbdefbfbd682822efbfbd6544efbfbd20efbfbdefbfbd22efbfbd5befbfbdefbfbd0a58efbfbd2defbfbdefbfbdc390efbfbd3518efbfbd2611efbfbdefbfbd3fe899af2f22efbfbdd5a6efbfbd7e6635efbfbd3defbfbd0b14696aefbfbd26efbfbd1d28efbfbd4a4c65
80:37:73:96:9b:db,88:e9:fe:6a:92:52,2048,4,5,32,84,7350,,0,122,17,65405,84.54.22.33,10.1.10.53,53,53,64,65085,1532199354.384039,98,Ether / IP / UDP / DNS Ans 2607:f8b0:4005:807::200e,0,
88:e9:fe:6a:92:52,80:37:73:96:9b:db,2048,4,5,0,1005,1,,0,64,17,21178,10.1.10.53,84.54.22.33,53,53,985,63799,1532199355.393694,1019,Ether / IP / UDP / DNS Qry b'google.com.' / Raw,949,502408052befbfbd0b3213efbfbd4d3c3fefbfbdefbfbdefbfbd74efbfbd4471efbfbdefbfbdefbfbd7345efbfbdefbfbdefbfbdefbfbd0eefbfbd0545efbfbdefbfbdefbfbdefbfbdefbfbd104574cfb978efbfbd70060f7745eab3b4efbfbd71505cefbfbd5848717eefbfbdefbfbd5d0ad4aa04efbfbdefbfbd2aefbfbdefbfbd2aefbfbdefbfbdefbfbde8a6b13334efbfbdefbfbd31efbfbdefbfbdefbfbdefbfbdefbfbd7269655c2b7fefbfbdefbfbdefbfbdefbfbd21efbfbd066314efbfbd6036efbfbd3defbfbdefbfbd113cefbfbd0857efbfbd14efbfbdefbfbdefbfbd48efbfbdefbfbdefbfbdefbfbd7829550337efbfbd2aefbfbdefbfbd71efbfbdefbfbd4b29efbfbd4eefbfbd18efbfbd3eefbfbd75efbfbdefbfbd5649efbfbdefbfbd0848efbfbdefbfbd50444d557e23efbfbdefbfbd33efbfbdefbfbdefbfbdefbfbd28c59576efbfbdefbfbd101215597b15efbfbd4fefbfbd1275efbfbdefbfbd201aefbfbd223aefbfbdefbfbd08efbfbd3cefbfbd621a2129efbfbd3658511e3743587e71e9bd9a481cefbfbd6fefbfbdefbfbd0815efbfbdefbfbd0aefbfbde7a0a01aefbfbdefbfbd42efbfbd5301efbfbd5552efbfbdce8b2defbfbd78333cefbfbd5c76efbfbd60efbfbd3befbfbd50225c2b102e4121efbfbd012579467274efbfbd53efbfbd56efbfbdefbfbdd6bdefbfbdefbfbd6aefbfbdefbfbd144309efbfbdefbfbd2123efbfbd2026efbfbd3d12efbfbdefbfbdefbfbd2505d6afefbfbdefbfbd4f24efbfbd50442304efbfbdefbfbdefbfbdefbfbdefbfbdefbfbdefbfbd0c7a112befbfbd3174686c7d20efbfbd79efbfbdefbfbd5eefbfbd664defbfbd5fefbfbd73efbfbd6628efbfbdc59a55efbfbdefbfbdefbfbd2d0fefbfbdefbfbdefbfbd664dc894efbfbd17efbfbdefbfbdefbfbd47efbfbd4801efbfbd4aefbfbdefbfbd53efbfbdd8bfefbfbdefbfbdefbfbd7c45efbfbdefbfbdefbfbdefbfbdefbfbdefbfbd76efbfbdefbfbd08efbfbd5564efbfbd0808efbfbd2befbfbd661474efbfbd44efbfbd2befbfbd62efbfbd3171efbfbdefbfbdefbfbd3d4d433b3fefbfbdefbfbd71efbfbdefbfbdefbfbd6cc78749efbfbdefbfbd52efbfbd0624efbfbd2510dd84305f087143efbfbd592cefbfbdefbfbdefbfbdd6b9efbfbd024b5fefbfbdefbfbdefbfbdefbfbdefbfbd50efbfbd4fefbfbdefbfbd07efbfbd70efbfbd4843eeb198efbfbd2eefbfbd5e111aefbfbd763a6f14021eefbfbd771a220aefbfbd2d6befbfbd08efbfbd5d612734efbfbd07efbfbd50efbfbd553af39abb87efbfbd
80:37:73:96:9b:db,88:e9:fe:6a:92:52,2048,4,5,32,84,7732,,0,122,17,65023,84.54.22.33,10.1.10.53,53,53,64,65086,1532199355.413524,98,Ether / IP / UDP / DNS Ans 2607:f8b0:4005:807::200e,0,
88:e9:fe:6a:92:52,80:37:73:96:9b:db,2048,4,5,0,1017,1,,0,64,17,21166,10.1.10.53,84.54.22.33,53,53,997,52533,1532199356.414539,1031,Ether / IP / UDP / DNS Qry b'google.com.' / Raw,961,72cc90207e16efbfbd00efbfbdefbfbd7fefbfbd02efbfbd76efbfbd0e782b66efbfbdefbfbdefbfbdefbfbdefbfbdcf95085e14345748efbfbd59efbfbd76efbfbdefbfbd7a6304efbfbd16efbfbd3f2b4b05efbfbd52efbfbd6f15efbfbdeb96915d1aca9e42efbfbdefbfbdd5b86f64efbfbdefbfbd3f3befbfbd34efbfbd5b5cefbfbd14efbfbd541a776cefbfbd276a0c04140eefbfbd30efbfbdefbfbddda3efbfbdefbfbd05efbfbdc48c182a28efbfbdefbfbd4356ce8e67efbfbdefbfbdefbfbd07efbfbd2eefbfbd4573efbfbd5f457a626fefbfbdefbfbd6fefbfbdc9a4efbfbdefbfbd07efbfbdefbfbdefbfbd7267efbfbd25efbfbdefbfbdefbfbd7c3befbfbdefbfbdefbfbdefbfbdefbfbdefbfbd0a63413aefbfbd69efbfbdefbfbdefbfbd19efbfbd6b6defbfbd36efbfbdefbfbd6e71efbfbdefbfbd42efbfbd3b7a2f3f30efbfbdefbfbdefbfbd253515efbfbdefbfbdefbfbd2b077b214eefbfbd4fefbfbd13efbfbd70efbfbdefbfbd59efbfbdefbfbdefbfbd2eefbfbdefbfbd337cefbfbdefbfbd2e215eefbfbdefbfbdefbfbd1fefbfbdefbfbdefbfbd62efbfbdefbfbd1defbfbd1b5d16efbfbd79efbfbdefbfbddb81efbfbd14efbfbdefbfbd08efbfbd0defbfbdefbfbd16efbfbdefbfbd2eefbfbde290b24608efbfbd4a65d08befbfbd3f15efbfbd1cefbfbdee88b317efbfbdefbfbdefbfbdefbfbd02cbbaefbfbd42675eefbfbd4f743861254453efbfbd4a77efbfbd4a49efbfbd67efbfbd67227f3734efbfbd691befbfbd31efbfbdefbfbd0ccfb9efbfbd5e5266efbfbd07efbfbd084aefbfbdefbfbd79efbfbd3028efbfbdd4b75211efbfbd68c8a062efbfbdefbfbd44efbfbd3f79efbfbd77764fefbfbd17efbfbd40efbfbdefbfbdefbfbdefbfbdefbfbd253a4eefbfbd7fefbfbd6422da97efbfbd7b250523efbfbdefbfbd39efbfbdefbfbdefbfbd115fc48837efbfbd07224c04efbfbd61d39cefbfbdefbfbd0843343fefbfbdd2b521efbfbd2ecab0067d29ddaf28efbfbdefbfbdefbfbd71efbfbdefbfbdefbfbdefbfbd12efbfbd2aefbfbdefbfbd34efbfbd2aefbfbdefbfbd004b5977efbfbd2befbfbdefbfbd3704efbfbd247d52efbfbd44221cefbfbdefbfbdefbfbdefbfbdefbfbd2c4befbfbd25d1acefbfbd54efbfbd5c7befbfbd37efbfbdefbfbdefbfbd13efbfbd42efbfbdefbfbdefbfbdefbfbd40efbfbdefbfbd3aefbfbdefbfbdefbfbd11efbfbd2b75efbfbd43efbfbd6defbfbd0cefbfbd11efbfbd6c04392aefbfbd7defbfbd53311aefbfbd4677efbfbd55efbfbd4aefbfbd3cefbfbd754e48efbfbdefbfbd3a
80:37:73:96:9b:db,88:e9:fe:6a:92:52,2048,4,5,32,84,8307,,0,122,17,64448,84.54.22.33,10.1.10.53,53,53,64,65087,1532199356.426000,98,Ether / IP / UDP / DNS Ans 2607:f8b0:4005:807::200e,0,
88:e9:fe:6a:92:52,80:37:73:96:9b:db,2048,4,5,0,1027,1,,0,64,17,21156,10.1.10.53,84.54.22.33,53,53,1007,12197,1532199357.434928,1041,Ether / IP / UDP / DNS Qry b'google.com.' / Raw,971,efbfbd4befbfbd65efbfbd34efbfbd50244d1171efbfbdefbfbd65efbfbdefbfbd08efbfbd56efbfbd71efbfbdefbfbdefbfbd0aefbfbd37efbfbd7c2fefbfbd37efbfbdefbfbd520f65efbfbd1ac2a6efbfbd48efbfbdefbfbdcaafefbfbd15efbfbd1b231451efbfbd77efbfbd5000efbfbdefbfbd4975c8855b1f303625efbfbd232b03efbfbd6c59efbfbdefbfbd27efbfbd2fcba9efbfbdefbfbdefbfbd4d75efbfbdefbfbd0befbfbd19efbfbd0c11efbfbdefbfbd08efbfbdefbfbdefbfbd5053efbfbd537e4247efbfbd6f4925efbfbd080a0dc2a1efbfbd2b33517e3515efbfbd1e36efbfbdefbfbd6bce9c08efbfbdefbfbd6145efbfbdefbfbdefbfbd287f080600efbfbd52efbfbdefbfbd4b41efbfbdefbfbd10322e53efbfbdefbfbd7a380035efbfbd5aefbfbdefbfbd77562d7b2fefbfbd71efbfbd5eefbfbdefbfbd7befbfbdefbfbd48327612efbfbd01efbfbdefbfbd2b1aefbfbd0d1cefbfbd3f4d0a7aefbfbd4952efbfbd68efbfbd16c9adefbfbd7aefbfbd75efbfbd74503d6cefbfbdefbfbd6a05efbfbdefbfbdefbfbd15c699efbfbd5aefbfbd5dc4b8efbfbdefbfbd2eefbfbdefbfbdefbfbd4410efbfbdefbfbd3550386cefbfbdefbfbdefbfbd541aefbfbd4fefbfbd32efbfbd1befbfbdefbfbd2cefbfbdefbfbdefbfbdefbfbdefbfbdefbfbd75efbfbd443860efbfbd3d322eefbfbdefbfbd2b337c38efbfbdefbfbd56efbfbdefbfbdefbfbd52efbfbdefbfbdefbfbdefbfbdefbfbdefbfbdefbfbdefbfbdefbfbdefbfbd32224aefbfbdefbfbd6f05efbfbd65efbfbd5474efbfbdefbfbd6eefbfbd456bce8f0d41efbfbd31efbfbd6eefbfbdefbfbdefbfbdefbfbdefbfbd7eefbfbd61efbfbd76efbfbdefbfbd03efbfbdefbfbdefbfbd7b623776efbfbd29efbfbd01e395a0efbfbd38efbfbdefbfbdefbfbdd99defbfbdefbfbd3a78efbfbd44efbfbdefbfbdefbfbd7fefbfbdefbfbd467f0a06efbfbdefbfbd546aefbfbdccafefbfbd54efbfbdefbfbdefbfbdefbfbd30e29596efbfbd21efbfbd43442defbfbd7eefbfbdefbfbdefbfbd6cd184efbfbdefbfbd46c2ba0fefbfbdefbfbd7713efbfbd71efbfbd31efbfbd1ad1a2efbfbdefbfbd26c4ad1104efbfbd627e7defbfbdefbfbdefbfbd14efbfbdefbfbdefbfbdefbfbd6b05efbfbdefbfbd7942efbfbd17407c1eefbfbdefbfbd22efbfbd3305efbfbd6c3f11efbfbdefbfbd0a56062befbfbdefbfbd4cefbfbdefbfbdefbfbdefbfbd255769281745efbfbd69772defbfbdefbfbd5befbfbd3c6511efbfbdefbfbdefbfbd22efbfbd0b66c7a4efbfbd0b5c39efbfbd436fefbfbd422e04efbfbd09efbfbd
80:37:73:96:9b:db,88:e9:fe:6a:92:52,2048,4,5,32,84,8744,,0,122,17,64011,84.54.22.33,10.1.10.53,53,53,64,65088,1532199357.446249,98,Ether / IP / UDP / DNS Ans 2607:f8b0:4005:807::200e,0,
88:e9:fe:6a:92:52,80:37:73:96:9b:db,2048,4,5,0,969,1,,0,64,17,21214,10.1.10.53,84.54.22.33,53,53,949,671,1532199358.456765,983,Ether / IP / UDP / DNS Qry b'google.com.' / Raw,913,efbfbd5848046a1700efbfbd5535351b3536efbfbd030a7defbfbdefbfbd0ac4b93d14de8300efbfbd1f085e21126fefbfbdefbfbd5a2aefbfbdefbfbdefbfbdefbfbd5defbfbdefbfbdefbfbd267a170e1922efbfbd25efbfbd700322efbfbdefbfbdefbfbdefbfbdefbfbd47efbfbdefbfbd05545963efbfbdefbfbd2b08047aefbfbdefbfbd5befbfbd4f7f5520efbfbd4e050cefbfbdefbfbdefbfbdefbfbd2befbfbdefbfbd7befbfbdefbfbd0b7cefbfbd3508702b22efbfbdefbfbd24efbfbd315b1fefbfbdefbfbdefbfbd44d68aefbfbdefbfbdefbfbdefbfbd7f26efbfbd2e46efbfbd426cefbfbdefbfbd00efbfbd0252cbaa2a7aefbfbdefbfbdefbfbdefbfbd48efbfbd2c093410efbfbd73efbfbd3838efbfbdefbfbdefbfbd10efbfbd4a52efbfbdefbfbdefbfbdefbfbdefbfbd71efbfbdefbfbd2eefbfbdefbfbdefbfbd1c6b10efbfbd650024efbfbd6defbfbd0e7c3269534cefbfbd44efbfbd7c7d13027eefbfbd7befbfbd307d3e32efbfbd76d1937925efbfbd7738efbfbd4b3d10efbfbd43efbfbd156543efbfbdefbfbd4befbfbdefbfbd344d3cefbfbd6d4fefbfbdefbfbd504a71efbfbd3cefbfbd7eefbfbd0befbfbd1c68dd9f6c240165214133097aefbfbd006a5befbfbdefbfbd6f6c782aefbfbd75efbfbdefbfbdefbfbd2b0befbfbd26efbfbd47282f46efbfbdefbfbd40700011efbfbd2b4535efbfbd6c78efbfbdefbfbdc98733efbfbd75efbfbdefbfbd4befbfbd6c331b2e16022e2605efbfbd10efbfbd05efbfbd0eefbfbdefbfbdefbfbd36efbfbdefbfbdefbfbdefbfbd607d32665c7aefbfbd18efbfbdefbfbd18d58defbfbd4aefbfbd3265efbfbdefbfbdefbfbdefbfbdefbfbd5befbfbd31452befbfbd4cefbfbdefbfbd6eefbfbdefbfbd12efbfbd2800efbfbd3920efbfbd4f7e3710efbfbdefbfbdefbfbd2befbfbdefbfbd4cefbfbdefbfbd10dd86494062efbfbd570aefbfbdefbfbd776d58efbfbd690a56efbfbdefbfbdefbfbd2567efbfbdefbfbdefbfbd0801efbfbdefbfbd362011efbfbd2e05efbfbd5e29efbfbd76efbfbd0742efbfbd2befbfbd7064efbfbd683e7d78efbfbd79214aefbfbd0c20efbfbd05efbfbd0645efbfbd6defbfbdc2afefbfbd05efbfbdefbfbdefbfbd4639efbfbdefbfbd2befbfbdefbfbd1223efbfbdd09468efbfbd2e521b10efbfbd75efbfbd054376efbfbdefbfbd3d6befbfbdefbfbdefbfbd06017e06efbfbd5eefbfbdefbfbd1befbfbdefbfbd3c4d68efbfbd
80:37:73:96:9b:db,88:e9:fe:6a:92:52,2048,4,5,32,84,9344,,0,122,17,63411,84.54.22.33,10.1.10.53,53,53,64,65089,1532199358.471973,98,Ether / IP / UDP / DNS Ans 2607:f8b0:4005:807::200e,0,
88:e9:fe:6a:92:52,80:37:73:96:9b:db,2048,4,5,0,588,1,,0,64,17,21595,10.1.10.53,84.54.22.33,53,53,568,54406,1532199359.479115,602,Ether / IP / UDP / DNS Qry b'google.com.' / Raw,532,77efbfbd0410efbfbd5b79efbfbdefbfbd34efbfbdefbfbdefbfbd07efbfbded8cbdefbfbdefbfbdefbfbd513963efbfbdefbfbdefbfbdefbfbdefbfbd15efbfbdefbfbdefbfbdefbfbd7d0c17efbfbdefbfbdefbfbdefbfbdefbfbd0275efbfbd651a63efbfbdefbfbdefbfbd64421cefbfbdefbfbd0defbfbd523a71105c040cefbfbd302cefbfbd0cefbfbd302cefbfbd0cefbfbd300c0b31efbfbd300c0b31efbfbd300cefbfbd42efbfbd300cefbfbd42efbfbd300cc3b010330cc3b010330cefbfbd307defbfbdefbfbd45efbfbd30efbfbd1908da8c79efbfbd54efbfbd68deb136efbfbd3eefbfbdefbfbdefbfbdefbfbd4c7f5529efbfbd300303efbfbd57efbfbdefbfbdefbfbdefbfbd6eefbfbd580048efbfbd26cb911b4defbfbdefbfbd5408003610efbfbd5befbfbd68550befbfbd5befbfbd01631f17260b31efbfbd30efbfbdefbfbdefbfbdefbfbd0fefbfbd10efbfbd4029efbfbdefbfbd3712efbfbd683645141268efbfbd47cebe4aefbfbdefbfbd6406efbfbd1133efbfbd40efbfbdefbfbdefbfbd763defbfbd4dd5b647efbfbd056befbfbd2459efbfbd19efbfbdefbfbd0e03efbfbdefbfbdefbfbdefbfbd42efbfbd304c3fefbfbdd894efbfbdefbfbd3defbfbd164677efbfbd593befbfbdefbfbdefbfbd3cefbfbdefbfbdefbfbd010000efbfbdefbfbdefbfbdefbfbd3befbfbdefbfbd7defbfbd340000000049454e44efbfbd4260efbfbd
80:37:73:96:9b:db,88:e9:fe:6a:92:52,2048,4,5,32,84,10094,,0,122,17,62661,84.54.22.33,10.1.10.53,53,53,64,65090,1532199359.500812,98,Ether / IP / UDP / DNS Ans 2607:f8b0:4005:807::200e,0,
